,Sequence,smiles,activity,Binding,label
0,TIVKAAAVQISPVLYSREGTVERVVKKIRELGEKGVQFATFPETVIPYYPYFSFVQTPLQILAGPEHLKLLDQSVTVPSPATDAIGQAARQAGMVVSIGVNERDGGTLYNTQLLFDADGALIQRRRKIKPTHYERMIWGEGDGSGLRAVDSQVGRIGQLACWEHNNPLARYAMMADGEQIHSAMYPGSMFGDPFAQKTEINIRQHALESGCFVVCSTAWLDADQQAQIMQDTGCAIGPISGGCLTAIVAPDGTFLGEPLTSGEGEVIADLDFKLIDKRKQTMDSR,N#Cc1ccc(N)cc1,0.716,False,0
1,TIVKAAAVQISPVLYSREGTVERVVKKIRELGEKGVQFATFPETVIPYYPYFSFVQTPLQILAGPEHLKLLDQSVTVPSPATDAIGQAARQAGMVVSIGVNERDGGTLYNTQLLFDADGALIQRRRKIKPTHYERMIWGEGDGSGLRAVDSQVGRIGQLACWEHNNPLARYAMMADGEQIHSAMYPGSMFGDPFAQKTEINIRQHALESGCFVVCSTAWLDADQQAQIMQDTGCAIGPISGGCLTAIVAPDGTFLGEPLTSGEGEVIADLDFKLIDKRKQTMDSR,N#CCc1ccc([N+](=O)[O-])cc1,0.0,False,0
2,TIVKAAAVQISPVLYSREGTVERVVKKIRELGEKGVQFATFPETVIPYYPYFSFVQTPLQILAGPEHLKLLDQSVTVPSPATDAIGQAARQAGMVVSIGVNERDGGTLYNTQLLFDADGALIQRRRKIKPTHYERMIWGEGDGSGLRAVDSQVGRIGQLACWEHNNPLARYAMMADGEQIHSAMYPGSMFGDPFAQKTEINIRQHALESGCFVVCSTAWLDADQQAQIMQDTGCAIGPISGGCLTAIVAPDGTFLGEPLTSGEGEVIADLDFKLIDKRKQTMDSR,CN(C)c1ccc(C#N)cc1,4.363,True,1
3,TIVKAAAVQISPVLYSREGTVERVVKKIRELGEKGVQFATFPETVIPYYPYFSFVQTPLQILAGPEHLKLLDQSVTVPSPATDAIGQAARQAGMVVSIGVNERDGGTLYNTQLLFDADGALIQRRRKIKPTHYERMIWGEGDGSGLRAVDSQVGRIGQLACWEHNNPLARYAMMADGEQIHSAMYPGSMFGDPFAQKTEINIRQHALESGCFVVCSTAWLDADQQAQIMQDTGCAIGPISGGCLTAIVAPDGTFLGEPLTSGEGEVIADLDFKLIDKRKQTMDSR,N#Cc1ccc(Cl)cc1,3.998,True,1
4,TIVKAAAVQISPVLYSREGTVERVVKKIRELGEKGVQFATFPETVIPYYPYFSFVQTPLQILAGPEHLKLLDQSVTVPSPATDAIGQAARQAGMVVSIGVNERDGGTLYNTQLLFDADGALIQRRRKIKPTHYERMIWGEGDGSGLRAVDSQVGRIGQLACWEHNNPLARYAMMADGEQIHSAMYPGSMFGDPFAQKTEINIRQHALESGCFVVCSTAWLDADQQAQIMQDTGCAIGPISGGCLTAIVAPDGTFLGEPLTSGEGEVIADLDFKLIDKRKQTMDSR,N#Cc1c(Cl)cccc1Cl,0.0,False,0
5,TIVKAAAVQISPVLYSREGTVERVVKKIRELGEKGVQFATFPETVIPYYPYFSFVQTPLQILAGPEHLKLLDQSVTVPSPATDAIGQAARQAGMVVSIGVNERDGGTLYNTQLLFDADGALIQRRRKIKPTHYERMIWGEGDGSGLRAVDSQVGRIGQLACWEHNNPLARYAMMADGEQIHSAMYPGSMFGDPFAQKTEINIRQHALESGCFVVCSTAWLDADQQAQIMQDTGCAIGPISGGCLTAIVAPDGTFLGEPLTSGEGEVIADLDFKLIDKRKQTMDSR,N#Cc1ccccc1N,0.0,False,0
6,TIVKAAAVQISPVLYSREGTVERVVKKIRELGEKGVQFATFPETVIPYYPYFSFVQTPLQILAGPEHLKLLDQSVTVPSPATDAIGQAARQAGMVVSIGVNERDGGTLYNTQLLFDADGALIQRRRKIKPTHYERMIWGEGDGSGLRAVDSQVGRIGQLACWEHNNPLARYAMMADGEQIHSAMYPGSMFGDPFAQKTEINIRQHALESGCFVVCSTAWLDADQQAQIMQDTGCAIGPISGGCLTAIVAPDGTFLGEPLTSGEGEVIADLDFKLIDKRKQTMDSR,COc1ccc(C#N)cc1,4.532,True,1
7,TIVKAAAVQISPVLYSREGTVERVVKKIRELGEKGVQFATFPETVIPYYPYFSFVQTPLQILAGPEHLKLLDQSVTVPSPATDAIGQAARQAGMVVSIGVNERDGGTLYNTQLLFDADGALIQRRRKIKPTHYERMIWGEGDGSGLRAVDSQVGRIGQLACWEHNNPLARYAMMADGEQIHSAMYPGSMFGDPFAQKTEINIRQHALESGCFVVCSTAWLDADQQAQIMQDTGCAIGPISGGCLTAIVAPDGTFLGEPLTSGEGEVIADLDFKLIDKRKQTMDSR,N#C/C=C/c1ccccc1,6.236,True,1
8,TIVKAAAVQISPVLYSREGTVERVVKKIRELGEKGVQFATFPETVIPYYPYFSFVQTPLQILAGPEHLKLLDQSVTVPSPATDAIGQAARQAGMVVSIGVNERDGGTLYNTQLLFDADGALIQRRRKIKPTHYERMIWGEGDGSGLRAVDSQVGRIGQLACWEHNNPLARYAMMADGEQIHSAMYPGSMFGDPFAQKTEINIRQHALESGCFVVCSTAWLDADQQAQIMQDTGCAIGPISGGCLTAIVAPDGTFLGEPLTSGEGEVIADLDFKLIDKRKQTMDSR,N#CCCc1ccccc1,4.16,True,1
9,TIVKAAAVQISPVLYSREGTVERVVKKIRELGEKGVQFATFPETVIPYYPYFSFVQTPLQILAGPEHLKLLDQSVTVPSPATDAIGQAARQAGMVVSIGVNERDGGTLYNTQLLFDADGALIQRRRKIKPTHYERMIWGEGDGSGLRAVDSQVGRIGQLACWEHNNPLARYAMMADGEQIHSAMYPGSMFGDPFAQKTEINIRQHALESGCFVVCSTAWLDADQQAQIMQDTGCAIGPISGGCLTAIVAPDGTFLGEPLTSGEGEVIADLDFKLIDKRKQTMDSR,N#CC1CCCCC1,0.0,False,0
10,TIVKAAAVQISPVLYSREGTVERVVKKIRELGEKGVQFATFPETVIPYYPYFSFVQTPLQILAGPEHLKLLDQSVTVPSPATDAIGQAARQAGMVVSIGVNERDGGTLYNTQLLFDADGALIQRRRKIKPTHYERMIWGEGDGSGLRAVDSQVGRIGQLACWEHNNPLARYAMMADGEQIHSAMYPGSMFGDPFAQKTEINIRQHALESGCFVVCSTAWLDADQQAQIMQDTGCAIGPISGGCLTAIVAPDGTFLGEPLTSGEGEVIADLDFKLIDKRKQTMDSR,C[C@@H](C#N)CCC#N,5.153,True,1
11,TIVKAAAVQISPVLYSREGTVERVVKKIRELGEKGVQFATFPETVIPYYPYFSFVQTPLQILAGPEHLKLLDQSVTVPSPATDAIGQAARQAGMVVSIGVNERDGGTLYNTQLLFDADGALIQRRRKIKPTHYERMIWGEGDGSGLRAVDSQVGRIGQLACWEHNNPLARYAMMADGEQIHSAMYPGSMFGDPFAQKTEINIRQHALESGCFVVCSTAWLDADQQAQIMQDTGCAIGPISGGCLTAIVAPDGTFLGEPLTSGEGEVIADLDFKLIDKRKQTMDSR,C[C@@H](C#N)c1ccccc1,0.0,False,0
12,TIVKAAAVQISPVLYSREGTVERVVKKIRELGEKGVQFATFPETVIPYYPYFSFVQTPLQILAGPEHLKLLDQSVTVPSPATDAIGQAARQAGMVVSIGVNERDGGTLYNTQLLFDADGALIQRRRKIKPTHYERMIWGEGDGSGLRAVDSQVGRIGQLACWEHNNPLARYAMMADGEQIHSAMYPGSMFGDPFAQKTEINIRQHALESGCFVVCSTAWLDADQQAQIMQDTGCAIGPISGGCLTAIVAPDGTFLGEPLTSGEGEVIADLDFKLIDKRKQTMDSR,CCCCC#N,0.0,False,0
13,TIVKAAAVQISPVLYSREGTVERVVKKIRELGEKGVQFATFPETVIPYYPYFSFVQTPLQILAGPEHLKLLDQSVTVPSPATDAIGQAARQAGMVVSIGVNERDGGTLYNTQLLFDADGALIQRRRKIKPTHYERMIWGEGDGSGLRAVDSQVGRIGQLACWEHNNPLARYAMMADGEQIHSAMYPGSMFGDPFAQKTEINIRQHALESGCFVVCSTAWLDADQQAQIMQDTGCAIGPISGGCLTAIVAPDGTFLGEPLTSGEGEVIADLDFKLIDKRKQTMDSR,N#Cc1cccc(C#N)c1,0.178,False,0
14,TIVKAAAVQISPVLYSREGTVERVVKKIRELGEKGVQFATFPETVIPYYPYFSFVQTPLQILAGPEHLKLLDQSVTVPSPATDAIGQAARQAGMVVSIGVNERDGGTLYNTQLLFDADGALIQRRRKIKPTHYERMIWGEGDGSGLRAVDSQVGRIGQLACWEHNNPLARYAMMADGEQIHSAMYPGSMFGDPFAQKTEINIRQHALESGCFVVCSTAWLDADQQAQIMQDTGCAIGPISGGCLTAIVAPDGTFLGEPLTSGEGEVIADLDFKLIDKRKQTMDSR,N#Cc1ccc(O)cc1,0.21,False,0
15,TIVKAAAVQISPVLYSREGTVERVVKKIRELGEKGVQFATFPETVIPYYPYFSFVQTPLQILAGPEHLKLLDQSVTVPSPATDAIGQAARQAGMVVSIGVNERDGGTLYNTQLLFDADGALIQRRRKIKPTHYERMIWGEGDGSGLRAVDSQVGRIGQLACWEHNNPLARYAMMADGEQIHSAMYPGSMFGDPFAQKTEINIRQHALESGCFVVCSTAWLDADQQAQIMQDTGCAIGPISGGCLTAIVAPDGTFLGEPLTSGEGEVIADLDFKLIDKRKQTMDSR,CCC#N,0.0,False,0
16,TIVKAAAVQISPVLYSREGTVERVVKKIRELGEKGVQFATFPETVIPYYPYFSFVQTPLQILAGPEHLKLLDQSVTVPSPATDAIGQAARQAGMVVSIGVNERDGGTLYNTQLLFDADGALIQRRRKIKPTHYERMIWGEGDGSGLRAVDSQVGRIGQLACWEHNNPLARYAMMADGEQIHSAMYPGSMFGDPFAQKTEINIRQHALESGCFVVCSTAWLDADQQAQIMQDTGCAIGPISGGCLTAIVAPDGTFLGEPLTSGEGEVIADLDFKLIDKRKQTMDSR,N#CCC(=O)c1ccccc1,1.1,False,0
17,TIVKAAAVQISPVLYSREGTVERVVKKIRELGEKGVQFATFPETVIPYYPYFSFVQTPLQILAGPEHLKLLDQSVTVPSPATDAIGQAARQAGMVVSIGVNERDGGTLYNTQLLFDADGALIQRRRKIKPTHYERMIWGEGDGSGLRAVDSQVGRIGQLACWEHNNPLARYAMMADGEQIHSAMYPGSMFGDPFAQKTEINIRQHALESGCFVVCSTAWLDADQQAQIMQDTGCAIGPISGGCLTAIVAPDGTFLGEPLTSGEGEVIADLDFKLIDKRKQTMDSR,N#C[C@H](O)c1ccccc1,0.0,False,0
18,TIVKAAAVQISPVLYSREGTVERVVKKIRELGEKGVQFATFPETVIPYYPYFSFVQTPLQILAGPEHLKLLDQSVTVPSPATDAIGQAARQAGMVVSIGVNERDGGTLYNTQLLFDADGALIQRRRKIKPTHYERMIWGEGDGSGLRAVDSQVGRIGQLACWEHNNPLARYAMMADGEQIHSAMYPGSMFGDPFAQKTEINIRQHALESGCFVVCSTAWLDADQQAQIMQDTGCAIGPISGGCLTAIVAPDGTFLGEPLTSGEGEVIADLDFKLIDKRKQTMDSR,N#Cc1ccccc1,0.725,False,0
19,TIVKAAAVQISPVLYSREGTVERVVKKIRELGEKGVQFATFPETVIPYYPYFSFVQTPLQILAGPEHLKLLDQSVTVPSPATDAIGQAARQAGMVVSIGVNERDGGTLYNTQLLFDADGALIQRRRKIKPTHYERMIWGEGDGSGLRAVDSQVGRIGQLACWEHNNPLARYAMMADGEQIHSAMYPGSMFGDPFAQKTEINIRQHALESGCFVVCSTAWLDADQQAQIMQDTGCAIGPISGGCLTAIVAPDGTFLGEPLTSGEGEVIADLDFKLIDKRKQTMDSR,C=CC#N,0.0,False,0
20,STVRVAAVQISPVLYNREATVQKVVNKILELGKQGVQFATFPETIVPYYPYFSFIQAPYAMGKEHLRLLEQSVTVPSAATDAISEAAKEANMVVSIGVNERDGGTIYNTQLLFDADGTLIQRRRKLTPTYHERMIWGQGDASGLRATDSAVGRIGQLACWEHYNPLFRYALIADGEQIHSAMYPGSFLGALHGEQTEINVRQHALESASFVVVATGWLDADQQAQIAKDTGGPIGPISGGCFTAVIGPDGQLIGEALTSGEGEVIADIDLAQIDARKRLMDAS,N#Cc1ccc(N)cc1,0.0,False,0
21,STVRVAAVQISPVLYNREATVQKVVNKILELGKQGVQFATFPETIVPYYPYFSFIQAPYAMGKEHLRLLEQSVTVPSAATDAISEAAKEANMVVSIGVNERDGGTIYNTQLLFDADGTLIQRRRKLTPTYHERMIWGQGDASGLRATDSAVGRIGQLACWEHYNPLFRYALIADGEQIHSAMYPGSFLGALHGEQTEINVRQHALESASFVVVATGWLDADQQAQIAKDTGGPIGPISGGCFTAVIGPDGQLIGEALTSGEGEVIADIDLAQIDARKRLMDAS,N#CCc1ccc([N+](=O)[O-])cc1,4.593,True,1
22,STVRVAAVQISPVLYNREATVQKVVNKILELGKQGVQFATFPETIVPYYPYFSFIQAPYAMGKEHLRLLEQSVTVPSAATDAISEAAKEANMVVSIGVNERDGGTIYNTQLLFDADGTLIQRRRKLTPTYHERMIWGQGDASGLRATDSAVGRIGQLACWEHYNPLFRYALIADGEQIHSAMYPGSFLGALHGEQTEINVRQHALESASFVVVATGWLDADQQAQIAKDTGGPIGPISGGCFTAVIGPDGQLIGEALTSGEGEVIADIDLAQIDARKRLMDAS,CN(C)c1ccc(C#N)cc1,4.33,True,1
23,STVRVAAVQISPVLYNREATVQKVVNKILELGKQGVQFATFPETIVPYYPYFSFIQAPYAMGKEHLRLLEQSVTVPSAATDAISEAAKEANMVVSIGVNERDGGTIYNTQLLFDADGTLIQRRRKLTPTYHERMIWGQGDASGLRATDSAVGRIGQLACWEHYNPLFRYALIADGEQIHSAMYPGSFLGALHGEQTEINVRQHALESASFVVVATGWLDADQQAQIAKDTGGPIGPISGGCFTAVIGPDGQLIGEALTSGEGEVIADIDLAQIDARKRLMDAS,N#Cc1ccc(Cl)cc1,4.675,True,1
24,STVRVAAVQISPVLYNREATVQKVVNKILELGKQGVQFATFPETIVPYYPYFSFIQAPYAMGKEHLRLLEQSVTVPSAATDAISEAAKEANMVVSIGVNERDGGTIYNTQLLFDADGTLIQRRRKLTPTYHERMIWGQGDASGLRATDSAVGRIGQLACWEHYNPLFRYALIADGEQIHSAMYPGSFLGALHGEQTEINVRQHALESASFVVVATGWLDADQQAQIAKDTGGPIGPISGGCFTAVIGPDGQLIGEALTSGEGEVIADIDLAQIDARKRLMDAS,N#Cc1c(Cl)cccc1Cl,0.0,False,0
25,STVRVAAVQISPVLYNREATVQKVVNKILELGKQGVQFATFPETIVPYYPYFSFIQAPYAMGKEHLRLLEQSVTVPSAATDAISEAAKEANMVVSIGVNERDGGTIYNTQLLFDADGTLIQRRRKLTPTYHERMIWGQGDASGLRATDSAVGRIGQLACWEHYNPLFRYALIADGEQIHSAMYPGSFLGALHGEQTEINVRQHALESASFVVVATGWLDADQQAQIAKDTGGPIGPISGGCFTAVIGPDGQLIGEALTSGEGEVIADIDLAQIDARKRLMDAS,N#Cc1ccccc1N,0.0,False,0
26,STVRVAAVQISPVLYNREATVQKVVNKILELGKQGVQFATFPETIVPYYPYFSFIQAPYAMGKEHLRLLEQSVTVPSAATDAISEAAKEANMVVSIGVNERDGGTIYNTQLLFDADGTLIQRRRKLTPTYHERMIWGQGDASGLRATDSAVGRIGQLACWEHYNPLFRYALIADGEQIHSAMYPGSFLGALHGEQTEINVRQHALESASFVVVATGWLDADQQAQIAKDTGGPIGPISGGCFTAVIGPDGQLIGEALTSGEGEVIADIDLAQIDARKRLMDAS,COc1ccc(C#N)cc1,5.459,True,1
27,STVRVAAVQISPVLYNREATVQKVVNKILELGKQGVQFATFPETIVPYYPYFSFIQAPYAMGKEHLRLLEQSVTVPSAATDAISEAAKEANMVVSIGVNERDGGTIYNTQLLFDADGTLIQRRRKLTPTYHERMIWGQGDASGLRATDSAVGRIGQLACWEHYNPLFRYALIADGEQIHSAMYPGSFLGALHGEQTEINVRQHALESASFVVVATGWLDADQQAQIAKDTGGPIGPISGGCFTAVIGPDGQLIGEALTSGEGEVIADIDLAQIDARKRLMDAS,N#C/C=C/c1ccccc1,6.182,True,1
28,STVRVAAVQISPVLYNREATVQKVVNKILELGKQGVQFATFPETIVPYYPYFSFIQAPYAMGKEHLRLLEQSVTVPSAATDAISEAAKEANMVVSIGVNERDGGTIYNTQLLFDADGTLIQRRRKLTPTYHERMIWGQGDASGLRATDSAVGRIGQLACWEHYNPLFRYALIADGEQIHSAMYPGSFLGALHGEQTEINVRQHALESASFVVVATGWLDADQQAQIAKDTGGPIGPISGGCFTAVIGPDGQLIGEALTSGEGEVIADIDLAQIDARKRLMDAS,N#CCCc1ccccc1,5.348,True,1
29,STVRVAAVQISPVLYNREATVQKVVNKILELGKQGVQFATFPETIVPYYPYFSFIQAPYAMGKEHLRLLEQSVTVPSAATDAISEAAKEANMVVSIGVNERDGGTIYNTQLLFDADGTLIQRRRKLTPTYHERMIWGQGDASGLRATDSAVGRIGQLACWEHYNPLFRYALIADGEQIHSAMYPGSFLGALHGEQTEINVRQHALESASFVVVATGWLDADQQAQIAKDTGGPIGPISGGCFTAVIGPDGQLIGEALTSGEGEVIADIDLAQIDARKRLMDAS,N#CC1CCCCC1,0.0,False,0
30,STVRVAAVQISPVLYNREATVQKVVNKILELGKQGVQFATFPETIVPYYPYFSFIQAPYAMGKEHLRLLEQSVTVPSAATDAISEAAKEANMVVSIGVNERDGGTIYNTQLLFDADGTLIQRRRKLTPTYHERMIWGQGDASGLRATDSAVGRIGQLACWEHYNPLFRYALIADGEQIHSAMYPGSFLGALHGEQTEINVRQHALESASFVVVATGWLDADQQAQIAKDTGGPIGPISGGCFTAVIGPDGQLIGEALTSGEGEVIADIDLAQIDARKRLMDAS,C[C@@H](C#N)CCC#N,10.718,True,1
31,STVRVAAVQISPVLYNREATVQKVVNKILELGKQGVQFATFPETIVPYYPYFSFIQAPYAMGKEHLRLLEQSVTVPSAATDAISEAAKEANMVVSIGVNERDGGTIYNTQLLFDADGTLIQRRRKLTPTYHERMIWGQGDASGLRATDSAVGRIGQLACWEHYNPLFRYALIADGEQIHSAMYPGSFLGALHGEQTEINVRQHALESASFVVVATGWLDADQQAQIAKDTGGPIGPISGGCFTAVIGPDGQLIGEALTSGEGEVIADIDLAQIDARKRLMDAS,C[C@@H](C#N)c1ccccc1,0.0,False,0
32,STVRVAAVQISPVLYNREATVQKVVNKILELGKQGVQFATFPETIVPYYPYFSFIQAPYAMGKEHLRLLEQSVTVPSAATDAISEAAKEANMVVSIGVNERDGGTIYNTQLLFDADGTLIQRRRKLTPTYHERMIWGQGDASGLRATDSAVGRIGQLACWEHYNPLFRYALIADGEQIHSAMYPGSFLGALHGEQTEINVRQHALESASFVVVATGWLDADQQAQIAKDTGGPIGPISGGCFTAVIGPDGQLIGEALTSGEGEVIADIDLAQIDARKRLMDAS,CCCCC#N,0.848,False,0
33,STVRVAAVQISPVLYNREATVQKVVNKILELGKQGVQFATFPETIVPYYPYFSFIQAPYAMGKEHLRLLEQSVTVPSAATDAISEAAKEANMVVSIGVNERDGGTIYNTQLLFDADGTLIQRRRKLTPTYHERMIWGQGDASGLRATDSAVGRIGQLACWEHYNPLFRYALIADGEQIHSAMYPGSFLGALHGEQTEINVRQHALESASFVVVATGWLDADQQAQIAKDTGGPIGPISGGCFTAVIGPDGQLIGEALTSGEGEVIADIDLAQIDARKRLMDAS,N#Cc1cccc(C#N)c1,5.544,True,1
34,STVRVAAVQISPVLYNREATVQKVVNKILELGKQGVQFATFPETIVPYYPYFSFIQAPYAMGKEHLRLLEQSVTVPSAATDAISEAAKEANMVVSIGVNERDGGTIYNTQLLFDADGTLIQRRRKLTPTYHERMIWGQGDASGLRATDSAVGRIGQLACWEHYNPLFRYALIADGEQIHSAMYPGSFLGALHGEQTEINVRQHALESASFVVVATGWLDADQQAQIAKDTGGPIGPISGGCFTAVIGPDGQLIGEALTSGEGEVIADIDLAQIDARKRLMDAS,N#Cc1ccc(O)cc1,0.0,False,0
35,STVRVAAVQISPVLYNREATVQKVVNKILELGKQGVQFATFPETIVPYYPYFSFIQAPYAMGKEHLRLLEQSVTVPSAATDAISEAAKEANMVVSIGVNERDGGTIYNTQLLFDADGTLIQRRRKLTPTYHERMIWGQGDASGLRATDSAVGRIGQLACWEHYNPLFRYALIADGEQIHSAMYPGSFLGALHGEQTEINVRQHALESASFVVVATGWLDADQQAQIAKDTGGPIGPISGGCFTAVIGPDGQLIGEALTSGEGEVIADIDLAQIDARKRLMDAS,CCC#N,0.099,False,0
36,STVRVAAVQISPVLYNREATVQKVVNKILELGKQGVQFATFPETIVPYYPYFSFIQAPYAMGKEHLRLLEQSVTVPSAATDAISEAAKEANMVVSIGVNERDGGTIYNTQLLFDADGTLIQRRRKLTPTYHERMIWGQGDASGLRATDSAVGRIGQLACWEHYNPLFRYALIADGEQIHSAMYPGSFLGALHGEQTEINVRQHALESASFVVVATGWLDADQQAQIAKDTGGPIGPISGGCFTAVIGPDGQLIGEALTSGEGEVIADIDLAQIDARKRLMDAS,N#CCC(=O)c1ccccc1,2.407,True,1
37,STVRVAAVQISPVLYNREATVQKVVNKILELGKQGVQFATFPETIVPYYPYFSFIQAPYAMGKEHLRLLEQSVTVPSAATDAISEAAKEANMVVSIGVNERDGGTIYNTQLLFDADGTLIQRRRKLTPTYHERMIWGQGDASGLRATDSAVGRIGQLACWEHYNPLFRYALIADGEQIHSAMYPGSFLGALHGEQTEINVRQHALESASFVVVATGWLDADQQAQIAKDTGGPIGPISGGCFTAVIGPDGQLIGEALTSGEGEVIADIDLAQIDARKRLMDAS,N#C[C@H](O)c1ccccc1,0.163,False,0
38,STVRVAAVQISPVLYNREATVQKVVNKILELGKQGVQFATFPETIVPYYPYFSFIQAPYAMGKEHLRLLEQSVTVPSAATDAISEAAKEANMVVSIGVNERDGGTIYNTQLLFDADGTLIQRRRKLTPTYHERMIWGQGDASGLRATDSAVGRIGQLACWEHYNPLFRYALIADGEQIHSAMYPGSFLGALHGEQTEINVRQHALESASFVVVATGWLDADQQAQIAKDTGGPIGPISGGCFTAVIGPDGQLIGEALTSGEGEVIADIDLAQIDARKRLMDAS,N#Cc1ccccc1,1.258,False,0
39,STVRVAAVQISPVLYNREATVQKVVNKILELGKQGVQFATFPETIVPYYPYFSFIQAPYAMGKEHLRLLEQSVTVPSAATDAISEAAKEANMVVSIGVNERDGGTIYNTQLLFDADGTLIQRRRKLTPTYHERMIWGQGDASGLRATDSAVGRIGQLACWEHYNPLFRYALIADGEQIHSAMYPGSFLGALHGEQTEINVRQHALESASFVVVATGWLDADQQAQIAKDTGGPIGPISGGCFTAVIGPDGQLIGEALTSGEGEVIADIDLAQIDARKRLMDAS,C=CC#N,0.0,False,0
40,KVVKAAAVQLSPVLYSREGTVERVVRKIHELGRQGVQFATFPETVVPYYPYFSFVQTPLQIIAGPEHLKLLDQAVTVPSPATDAISEAARQAGVVVSIGVNERDGGTLYNTQLLFDADGALIQRRRKITPTHFERMIWGQGDGSGLRAVDSKVGRIGQLACWEHNNPLARYAMIADGEQIHSAMYPGSMFGDPFAQKTEINIRQHALESACFVVCATAWLDADQQAQICKDTGCDIGPISGGCFTAIVAPDGLLGEPIRSGEGMVIVDLDFTLIDKRKQVMDSR,N#Cc1ccc(N)cc1,0.0,False,0
41,KVVKAAAVQLSPVLYSREGTVERVVRKIHELGRQGVQFATFPETVVPYYPYFSFVQTPLQIIAGPEHLKLLDQAVTVPSPATDAISEAARQAGVVVSIGVNERDGGTLYNTQLLFDADGALIQRRRKITPTHFERMIWGQGDGSGLRAVDSKVGRIGQLACWEHNNPLARYAMIADGEQIHSAMYPGSMFGDPFAQKTEINIRQHALESACFVVCATAWLDADQQAQICKDTGCDIGPISGGCFTAIVAPDGLLGEPIRSGEGMVIVDLDFTLIDKRKQVMDSR,N#CCc1ccc([N+](=O)[O-])cc1,0.0,False,0
42,KVVKAAAVQLSPVLYSREGTVERVVRKIHELGRQGVQFATFPETVVPYYPYFSFVQTPLQIIAGPEHLKLLDQAVTVPSPATDAISEAARQAGVVVSIGVNERDGGTLYNTQLLFDADGALIQRRRKITPTHFERMIWGQGDGSGLRAVDSKVGRIGQLACWEHNNPLARYAMIADGEQIHSAMYPGSMFGDPFAQKTEINIRQHALESACFVVCATAWLDADQQAQICKDTGCDIGPISGGCFTAIVAPDGLLGEPIRSGEGMVIVDLDFTLIDKRKQVMDSR,CN(C)c1ccc(C#N)cc1,0.484,False,0
43,KVVKAAAVQLSPVLYSREGTVERVVRKIHELGRQGVQFATFPETVVPYYPYFSFVQTPLQIIAGPEHLKLLDQAVTVPSPATDAISEAARQAGVVVSIGVNERDGGTLYNTQLLFDADGALIQRRRKITPTHFERMIWGQGDGSGLRAVDSKVGRIGQLACWEHNNPLARYAMIADGEQIHSAMYPGSMFGDPFAQKTEINIRQHALESACFVVCATAWLDADQQAQICKDTGCDIGPISGGCFTAIVAPDGLLGEPIRSGEGMVIVDLDFTLIDKRKQVMDSR,N#Cc1ccc(Cl)cc1,3.728,True,1
44,KVVKAAAVQLSPVLYSREGTVERVVRKIHELGRQGVQFATFPETVVPYYPYFSFVQTPLQIIAGPEHLKLLDQAVTVPSPATDAISEAARQAGVVVSIGVNERDGGTLYNTQLLFDADGALIQRRRKITPTHFERMIWGQGDGSGLRAVDSKVGRIGQLACWEHNNPLARYAMIADGEQIHSAMYPGSMFGDPFAQKTEINIRQHALESACFVVCATAWLDADQQAQICKDTGCDIGPISGGCFTAIVAPDGLLGEPIRSGEGMVIVDLDFTLIDKRKQVMDSR,N#Cc1c(Cl)cccc1Cl,0.0,False,0
45,KVVKAAAVQLSPVLYSREGTVERVVRKIHELGRQGVQFATFPETVVPYYPYFSFVQTPLQIIAGPEHLKLLDQAVTVPSPATDAISEAARQAGVVVSIGVNERDGGTLYNTQLLFDADGALIQRRRKITPTHFERMIWGQGDGSGLRAVDSKVGRIGQLACWEHNNPLARYAMIADGEQIHSAMYPGSMFGDPFAQKTEINIRQHALESACFVVCATAWLDADQQAQICKDTGCDIGPISGGCFTAIVAPDGLLGEPIRSGEGMVIVDLDFTLIDKRKQVMDSR,N#Cc1ccccc1N,0.0,False,0
46,KVVKAAAVQLSPVLYSREGTVERVVRKIHELGRQGVQFATFPETVVPYYPYFSFVQTPLQIIAGPEHLKLLDQAVTVPSPATDAISEAARQAGVVVSIGVNERDGGTLYNTQLLFDADGALIQRRRKITPTHFERMIWGQGDGSGLRAVDSKVGRIGQLACWEHNNPLARYAMIADGEQIHSAMYPGSMFGDPFAQKTEINIRQHALESACFVVCATAWLDADQQAQICKDTGCDIGPISGGCFTAIVAPDGLLGEPIRSGEGMVIVDLDFTLIDKRKQVMDSR,COc1ccc(C#N)cc1,5.88,True,1
47,KVVKAAAVQLSPVLYSREGTVERVVRKIHELGRQGVQFATFPETVVPYYPYFSFVQTPLQIIAGPEHLKLLDQAVTVPSPATDAISEAARQAGVVVSIGVNERDGGTLYNTQLLFDADGALIQRRRKITPTHFERMIWGQGDGSGLRAVDSKVGRIGQLACWEHNNPLARYAMIADGEQIHSAMYPGSMFGDPFAQKTEINIRQHALESACFVVCATAWLDADQQAQICKDTGCDIGPISGGCFTAIVAPDGLLGEPIRSGEGMVIVDLDFTLIDKRKQVMDSR,N#C/C=C/c1ccccc1,5.497,True,1
48,KVVKAAAVQLSPVLYSREGTVERVVRKIHELGRQGVQFATFPETVVPYYPYFSFVQTPLQIIAGPEHLKLLDQAVTVPSPATDAISEAARQAGVVVSIGVNERDGGTLYNTQLLFDADGALIQRRRKITPTHFERMIWGQGDGSGLRAVDSKVGRIGQLACWEHNNPLARYAMIADGEQIHSAMYPGSMFGDPFAQKTEINIRQHALESACFVVCATAWLDADQQAQICKDTGCDIGPISGGCFTAIVAPDGLLGEPIRSGEGMVIVDLDFTLIDKRKQVMDSR,N#CCCc1ccccc1,6.393,True,1
49,KVVKAAAVQLSPVLYSREGTVERVVRKIHELGRQGVQFATFPETVVPYYPYFSFVQTPLQIIAGPEHLKLLDQAVTVPSPATDAISEAARQAGVVVSIGVNERDGGTLYNTQLLFDADGALIQRRRKITPTHFERMIWGQGDGSGLRAVDSKVGRIGQLACWEHNNPLARYAMIADGEQIHSAMYPGSMFGDPFAQKTEINIRQHALESACFVVCATAWLDADQQAQICKDTGCDIGPISGGCFTAIVAPDGLLGEPIRSGEGMVIVDLDFTLIDKRKQVMDSR,N#CC1CCCCC1,0.061,False,0
50,KVVKAAAVQLSPVLYSREGTVERVVRKIHELGRQGVQFATFPETVVPYYPYFSFVQTPLQIIAGPEHLKLLDQAVTVPSPATDAISEAARQAGVVVSIGVNERDGGTLYNTQLLFDADGALIQRRRKITPTHFERMIWGQGDGSGLRAVDSKVGRIGQLACWEHNNPLARYAMIADGEQIHSAMYPGSMFGDPFAQKTEINIRQHALESACFVVCATAWLDADQQAQICKDTGCDIGPISGGCFTAIVAPDGLLGEPIRSGEGMVIVDLDFTLIDKRKQVMDSR,C[C@@H](C#N)CCC#N,2.286,True,1
51,KVVKAAAVQLSPVLYSREGTVERVVRKIHELGRQGVQFATFPETVVPYYPYFSFVQTPLQIIAGPEHLKLLDQAVTVPSPATDAISEAARQAGVVVSIGVNERDGGTLYNTQLLFDADGALIQRRRKITPTHFERMIWGQGDGSGLRAVDSKVGRIGQLACWEHNNPLARYAMIADGEQIHSAMYPGSMFGDPFAQKTEINIRQHALESACFVVCATAWLDADQQAQICKDTGCDIGPISGGCFTAIVAPDGLLGEPIRSGEGMVIVDLDFTLIDKRKQVMDSR,C[C@@H](C#N)c1ccccc1,0.0,False,0
52,KVVKAAAVQLSPVLYSREGTVERVVRKIHELGRQGVQFATFPETVVPYYPYFSFVQTPLQIIAGPEHLKLLDQAVTVPSPATDAISEAARQAGVVVSIGVNERDGGTLYNTQLLFDADGALIQRRRKITPTHFERMIWGQGDGSGLRAVDSKVGRIGQLACWEHNNPLARYAMIADGEQIHSAMYPGSMFGDPFAQKTEINIRQHALESACFVVCATAWLDADQQAQICKDTGCDIGPISGGCFTAIVAPDGLLGEPIRSGEGMVIVDLDFTLIDKRKQVMDSR,CCCCC#N,0.054,False,0
53,KVVKAAAVQLSPVLYSREGTVERVVRKIHELGRQGVQFATFPETVVPYYPYFSFVQTPLQIIAGPEHLKLLDQAVTVPSPATDAISEAARQAGVVVSIGVNERDGGTLYNTQLLFDADGALIQRRRKITPTHFERMIWGQGDGSGLRAVDSKVGRIGQLACWEHNNPLARYAMIADGEQIHSAMYPGSMFGDPFAQKTEINIRQHALESACFVVCATAWLDADQQAQICKDTGCDIGPISGGCFTAIVAPDGLLGEPIRSGEGMVIVDLDFTLIDKRKQVMDSR,N#Cc1cccc(C#N)c1,0.027,False,0
54,KVVKAAAVQLSPVLYSREGTVERVVRKIHELGRQGVQFATFPETVVPYYPYFSFVQTPLQIIAGPEHLKLLDQAVTVPSPATDAISEAARQAGVVVSIGVNERDGGTLYNTQLLFDADGALIQRRRKITPTHFERMIWGQGDGSGLRAVDSKVGRIGQLACWEHNNPLARYAMIADGEQIHSAMYPGSMFGDPFAQKTEINIRQHALESACFVVCATAWLDADQQAQICKDTGCDIGPISGGCFTAIVAPDGLLGEPIRSGEGMVIVDLDFTLIDKRKQVMDSR,N#Cc1ccc(O)cc1,0.0,False,0
55,KVVKAAAVQLSPVLYSREGTVERVVRKIHELGRQGVQFATFPETVVPYYPYFSFVQTPLQIIAGPEHLKLLDQAVTVPSPATDAISEAARQAGVVVSIGVNERDGGTLYNTQLLFDADGALIQRRRKITPTHFERMIWGQGDGSGLRAVDSKVGRIGQLACWEHNNPLARYAMIADGEQIHSAMYPGSMFGDPFAQKTEINIRQHALESACFVVCATAWLDADQQAQICKDTGCDIGPISGGCFTAIVAPDGLLGEPIRSGEGMVIVDLDFTLIDKRKQVMDSR,CCC#N,0.0,False,0
56,KVVKAAAVQLSPVLYSREGTVERVVRKIHELGRQGVQFATFPETVVPYYPYFSFVQTPLQIIAGPEHLKLLDQAVTVPSPATDAISEAARQAGVVVSIGVNERDGGTLYNTQLLFDADGALIQRRRKITPTHFERMIWGQGDGSGLRAVDSKVGRIGQLACWEHNNPLARYAMIADGEQIHSAMYPGSMFGDPFAQKTEINIRQHALESACFVVCATAWLDADQQAQICKDTGCDIGPISGGCFTAIVAPDGLLGEPIRSGEGMVIVDLDFTLIDKRKQVMDSR,N#CCC(=O)c1ccccc1,0.202,False,0
57,KVVKAAAVQLSPVLYSREGTVERVVRKIHELGRQGVQFATFPETVVPYYPYFSFVQTPLQIIAGPEHLKLLDQAVTVPSPATDAISEAARQAGVVVSIGVNERDGGTLYNTQLLFDADGALIQRRRKITPTHFERMIWGQGDGSGLRAVDSKVGRIGQLACWEHNNPLARYAMIADGEQIHSAMYPGSMFGDPFAQKTEINIRQHALESACFVVCATAWLDADQQAQICKDTGCDIGPISGGCFTAIVAPDGLLGEPIRSGEGMVIVDLDFTLIDKRKQVMDSR,N#C[C@H](O)c1ccccc1,0.0,False,0
58,KVVKAAAVQLSPVLYSREGTVERVVRKIHELGRQGVQFATFPETVVPYYPYFSFVQTPLQIIAGPEHLKLLDQAVTVPSPATDAISEAARQAGVVVSIGVNERDGGTLYNTQLLFDADGALIQRRRKITPTHFERMIWGQGDGSGLRAVDSKVGRIGQLACWEHNNPLARYAMIADGEQIHSAMYPGSMFGDPFAQKTEINIRQHALESACFVVCATAWLDADQQAQICKDTGCDIGPISGGCFTAIVAPDGLLGEPIRSGEGMVIVDLDFTLIDKRKQVMDSR,N#Cc1ccccc1,0.096,False,0
59,KVVKAAAVQLSPVLYSREGTVERVVRKIHELGRQGVQFATFPETVVPYYPYFSFVQTPLQIIAGPEHLKLLDQAVTVPSPATDAISEAARQAGVVVSIGVNERDGGTLYNTQLLFDADGALIQRRRKITPTHFERMIWGQGDGSGLRAVDSKVGRIGQLACWEHNNPLARYAMIADGEQIHSAMYPGSMFGDPFAQKTEINIRQHALESACFVVCATAWLDADQQAQICKDTGCDIGPISGGCFTAIVAPDGLLGEPIRSGEGMVIVDLDFTLIDKRKQVMDSR,C=CC#N,0.0,False,0
60,AIIRAAAVQISPVLYSREGTVDKVCQQIITLGKQGVQFAVFPETVVPYYPYFSFVQPAFAMGAQHLKLLDQSVTVPSAATLAIGEACKQAGMVVSIGVNERDGGTIYNAQLLFDADGTLIQHRRKITPTYHERMVWGQGDGSGLRAIDSAVGRIGSLACWEHYNPLARYALMADGEQIHAAMFPGSLVGDIFAEQIEVTIRHHALESGCFVVNATAWLDADQQGQIMQDTGCGLGPISGGCFTAIVSPEGKLLGEPLRSGEGVVIADLDTALIDKRKRMMDSV,N#Cc1ccc(N)cc1,7.974,True,1
61,AIIRAAAVQISPVLYSREGTVDKVCQQIITLGKQGVQFAVFPETVVPYYPYFSFVQPAFAMGAQHLKLLDQSVTVPSAATLAIGEACKQAGMVVSIGVNERDGGTIYNAQLLFDADGTLIQHRRKITPTYHERMVWGQGDGSGLRAIDSAVGRIGSLACWEHYNPLARYALMADGEQIHAAMFPGSLVGDIFAEQIEVTIRHHALESGCFVVNATAWLDADQQGQIMQDTGCGLGPISGGCFTAIVSPEGKLLGEPLRSGEGVVIADLDTALIDKRKRMMDSV,N#CCc1ccc([N+](=O)[O-])cc1,0.0,False,0
62,AIIRAAAVQISPVLYSREGTVDKVCQQIITLGKQGVQFAVFPETVVPYYPYFSFVQPAFAMGAQHLKLLDQSVTVPSAATLAIGEACKQAGMVVSIGVNERDGGTIYNAQLLFDADGTLIQHRRKITPTYHERMVWGQGDGSGLRAIDSAVGRIGSLACWEHYNPLARYALMADGEQIHAAMFPGSLVGDIFAEQIEVTIRHHALESGCFVVNATAWLDADQQGQIMQDTGCGLGPISGGCFTAIVSPEGKLLGEPLRSGEGVVIADLDTALIDKRKRMMDSV,CN(C)c1ccc(C#N)cc1,5.834,True,1
63,AIIRAAAVQISPVLYSREGTVDKVCQQIITLGKQGVQFAVFPETVVPYYPYFSFVQPAFAMGAQHLKLLDQSVTVPSAATLAIGEACKQAGMVVSIGVNERDGGTIYNAQLLFDADGTLIQHRRKITPTYHERMVWGQGDGSGLRAIDSAVGRIGSLACWEHYNPLARYALMADGEQIHAAMFPGSLVGDIFAEQIEVTIRHHALESGCFVVNATAWLDADQQGQIMQDTGCGLGPISGGCFTAIVSPEGKLLGEPLRSGEGVVIADLDTALIDKRKRMMDSV,N#Cc1ccc(Cl)cc1,5.236,True,1
64,AIIRAAAVQISPVLYSREGTVDKVCQQIITLGKQGVQFAVFPETVVPYYPYFSFVQPAFAMGAQHLKLLDQSVTVPSAATLAIGEACKQAGMVVSIGVNERDGGTIYNAQLLFDADGTLIQHRRKITPTYHERMVWGQGDGSGLRAIDSAVGRIGSLACWEHYNPLARYALMADGEQIHAAMFPGSLVGDIFAEQIEVTIRHHALESGCFVVNATAWLDADQQGQIMQDTGCGLGPISGGCFTAIVSPEGKLLGEPLRSGEGVVIADLDTALIDKRKRMMDSV,N#Cc1c(Cl)cccc1Cl,0.0,False,0
65,AIIRAAAVQISPVLYSREGTVDKVCQQIITLGKQGVQFAVFPETVVPYYPYFSFVQPAFAMGAQHLKLLDQSVTVPSAATLAIGEACKQAGMVVSIGVNERDGGTIYNAQLLFDADGTLIQHRRKITPTYHERMVWGQGDGSGLRAIDSAVGRIGSLACWEHYNPLARYALMADGEQIHAAMFPGSLVGDIFAEQIEVTIRHHALESGCFVVNATAWLDADQQGQIMQDTGCGLGPISGGCFTAIVSPEGKLLGEPLRSGEGVVIADLDTALIDKRKRMMDSV,N#Cc1ccccc1N,0.0,False,0
66,AIIRAAAVQISPVLYSREGTVDKVCQQIITLGKQGVQFAVFPETVVPYYPYFSFVQPAFAMGAQHLKLLDQSVTVPSAATLAIGEACKQAGMVVSIGVNERDGGTIYNAQLLFDADGTLIQHRRKITPTYHERMVWGQGDGSGLRAIDSAVGRIGSLACWEHYNPLARYALMADGEQIHAAMFPGSLVGDIFAEQIEVTIRHHALESGCFVVNATAWLDADQQGQIMQDTGCGLGPISGGCFTAIVSPEGKLLGEPLRSGEGVVIADLDTALIDKRKRMMDSV,COc1ccc(C#N)cc1,6.259,True,1
67,AIIRAAAVQISPVLYSREGTVDKVCQQIITLGKQGVQFAVFPETVVPYYPYFSFVQPAFAMGAQHLKLLDQSVTVPSAATLAIGEACKQAGMVVSIGVNERDGGTIYNAQLLFDADGTLIQHRRKITPTYHERMVWGQGDGSGLRAIDSAVGRIGSLACWEHYNPLARYALMADGEQIHAAMFPGSLVGDIFAEQIEVTIRHHALESGCFVVNATAWLDADQQGQIMQDTGCGLGPISGGCFTAIVSPEGKLLGEPLRSGEGVVIADLDTALIDKRKRMMDSV,N#C/C=C/c1ccccc1,4.71,True,1
68,AIIRAAAVQISPVLYSREGTVDKVCQQIITLGKQGVQFAVFPETVVPYYPYFSFVQPAFAMGAQHLKLLDQSVTVPSAATLAIGEACKQAGMVVSIGVNERDGGTIYNAQLLFDADGTLIQHRRKITPTYHERMVWGQGDGSGLRAIDSAVGRIGSLACWEHYNPLARYALMADGEQIHAAMFPGSLVGDIFAEQIEVTIRHHALESGCFVVNATAWLDADQQGQIMQDTGCGLGPISGGCFTAIVSPEGKLLGEPLRSGEGVVIADLDTALIDKRKRMMDSV,N#CCCc1ccccc1,6.817,True,1
69,AIIRAAAVQISPVLYSREGTVDKVCQQIITLGKQGVQFAVFPETVVPYYPYFSFVQPAFAMGAQHLKLLDQSVTVPSAATLAIGEACKQAGMVVSIGVNERDGGTIYNAQLLFDADGTLIQHRRKITPTYHERMVWGQGDGSGLRAIDSAVGRIGSLACWEHYNPLARYALMADGEQIHAAMFPGSLVGDIFAEQIEVTIRHHALESGCFVVNATAWLDADQQGQIMQDTGCGLGPISGGCFTAIVSPEGKLLGEPLRSGEGVVIADLDTALIDKRKRMMDSV,N#CC1CCCCC1,0.582,False,0
70,AIIRAAAVQISPVLYSREGTVDKVCQQIITLGKQGVQFAVFPETVVPYYPYFSFVQPAFAMGAQHLKLLDQSVTVPSAATLAIGEACKQAGMVVSIGVNERDGGTIYNAQLLFDADGTLIQHRRKITPTYHERMVWGQGDGSGLRAIDSAVGRIGSLACWEHYNPLARYALMADGEQIHAAMFPGSLVGDIFAEQIEVTIRHHALESGCFVVNATAWLDADQQGQIMQDTGCGLGPISGGCFTAIVSPEGKLLGEPLRSGEGVVIADLDTALIDKRKRMMDSV,C[C@@H](C#N)CCC#N,11.118,True,1
71,AIIRAAAVQISPVLYSREGTVDKVCQQIITLGKQGVQFAVFPETVVPYYPYFSFVQPAFAMGAQHLKLLDQSVTVPSAATLAIGEACKQAGMVVSIGVNERDGGTIYNAQLLFDADGTLIQHRRKITPTYHERMVWGQGDGSGLRAIDSAVGRIGSLACWEHYNPLARYALMADGEQIHAAMFPGSLVGDIFAEQIEVTIRHHALESGCFVVNATAWLDADQQGQIMQDTGCGLGPISGGCFTAIVSPEGKLLGEPLRSGEGVVIADLDTALIDKRKRMMDSV,C[C@@H](C#N)c1ccccc1,0.0,False,0
72,AIIRAAAVQISPVLYSREGTVDKVCQQIITLGKQGVQFAVFPETVVPYYPYFSFVQPAFAMGAQHLKLLDQSVTVPSAATLAIGEACKQAGMVVSIGVNERDGGTIYNAQLLFDADGTLIQHRRKITPTYHERMVWGQGDGSGLRAIDSAVGRIGSLACWEHYNPLARYALMADGEQIHAAMFPGSLVGDIFAEQIEVTIRHHALESGCFVVNATAWLDADQQGQIMQDTGCGLGPISGGCFTAIVSPEGKLLGEPLRSGEGVVIADLDTALIDKRKRMMDSV,CCCCC#N,1.515,False,0
73,AIIRAAAVQISPVLYSREGTVDKVCQQIITLGKQGVQFAVFPETVVPYYPYFSFVQPAFAMGAQHLKLLDQSVTVPSAATLAIGEACKQAGMVVSIGVNERDGGTIYNAQLLFDADGTLIQHRRKITPTYHERMVWGQGDGSGLRAIDSAVGRIGSLACWEHYNPLARYALMADGEQIHAAMFPGSLVGDIFAEQIEVTIRHHALESGCFVVNATAWLDADQQGQIMQDTGCGLGPISGGCFTAIVSPEGKLLGEPLRSGEGVVIADLDTALIDKRKRMMDSV,N#Cc1cccc(C#N)c1,7.165,True,1
74,AIIRAAAVQISPVLYSREGTVDKVCQQIITLGKQGVQFAVFPETVVPYYPYFSFVQPAFAMGAQHLKLLDQSVTVPSAATLAIGEACKQAGMVVSIGVNERDGGTIYNAQLLFDADGTLIQHRRKITPTYHERMVWGQGDGSGLRAIDSAVGRIGSLACWEHYNPLARYALMADGEQIHAAMFPGSLVGDIFAEQIEVTIRHHALESGCFVVNATAWLDADQQGQIMQDTGCGLGPISGGCFTAIVSPEGKLLGEPLRSGEGVVIADLDTALIDKRKRMMDSV,N#Cc1ccc(O)cc1,6.73,True,1
75,AIIRAAAVQISPVLYSREGTVDKVCQQIITLGKQGVQFAVFPETVVPYYPYFSFVQPAFAMGAQHLKLLDQSVTVPSAATLAIGEACKQAGMVVSIGVNERDGGTIYNAQLLFDADGTLIQHRRKITPTYHERMVWGQGDGSGLRAIDSAVGRIGSLACWEHYNPLARYALMADGEQIHAAMFPGSLVGDIFAEQIEVTIRHHALESGCFVVNATAWLDADQQGQIMQDTGCGLGPISGGCFTAIVSPEGKLLGEPLRSGEGVVIADLDTALIDKRKRMMDSV,CCC#N,0.0,False,0
76,AIIRAAAVQISPVLYSREGTVDKVCQQIITLGKQGVQFAVFPETVVPYYPYFSFVQPAFAMGAQHLKLLDQSVTVPSAATLAIGEACKQAGMVVSIGVNERDGGTIYNAQLLFDADGTLIQHRRKITPTYHERMVWGQGDGSGLRAIDSAVGRIGSLACWEHYNPLARYALMADGEQIHAAMFPGSLVGDIFAEQIEVTIRHHALESGCFVVNATAWLDADQQGQIMQDTGCGLGPISGGCFTAIVSPEGKLLGEPLRSGEGVVIADLDTALIDKRKRMMDSV,N#CCC(=O)c1ccccc1,2.272,True,1
77,AIIRAAAVQISPVLYSREGTVDKVCQQIITLGKQGVQFAVFPETVVPYYPYFSFVQPAFAMGAQHLKLLDQSVTVPSAATLAIGEACKQAGMVVSIGVNERDGGTIYNAQLLFDADGTLIQHRRKITPTYHERMVWGQGDGSGLRAIDSAVGRIGSLACWEHYNPLARYALMADGEQIHAAMFPGSLVGDIFAEQIEVTIRHHALESGCFVVNATAWLDADQQGQIMQDTGCGLGPISGGCFTAIVSPEGKLLGEPLRSGEGVVIADLDTALIDKRKRMMDSV,N#C[C@H](O)c1ccccc1,0.0,False,0
78,AIIRAAAVQISPVLYSREGTVDKVCQQIITLGKQGVQFAVFPETVVPYYPYFSFVQPAFAMGAQHLKLLDQSVTVPSAATLAIGEACKQAGMVVSIGVNERDGGTIYNAQLLFDADGTLIQHRRKITPTYHERMVWGQGDGSGLRAIDSAVGRIGSLACWEHYNPLARYALMADGEQIHAAMFPGSLVGDIFAEQIEVTIRHHALESGCFVVNATAWLDADQQGQIMQDTGCGLGPISGGCFTAIVSPEGKLLGEPLRSGEGVVIADLDTALIDKRKRMMDSV,N#Cc1ccccc1,2.235,True,1
79,AIIRAAAVQISPVLYSREGTVDKVCQQIITLGKQGVQFAVFPETVVPYYPYFSFVQPAFAMGAQHLKLLDQSVTVPSAATLAIGEACKQAGMVVSIGVNERDGGTIYNAQLLFDADGTLIQHRRKITPTYHERMVWGQGDGSGLRAIDSAVGRIGSLACWEHYNPLARYALMADGEQIHAAMFPGSLVGDIFAEQIEVTIRHHALESGCFVVNATAWLDADQQGQIMQDTGCGLGPISGGCFTAIVSPEGKLLGEPLRSGEGVVIADLDTALIDKRKRMMDSV,C=CC#N,0.0,False,0
80,KVVKAAAVQISPVLYSREATVAKVVQKIHELGQKGVQFATFPETVVPYYPYFSAVQTGIELLSGTEHLRLLDQAVTVPSAATDAIGEAARKAGMVVSIGVNERDGGTLYNTQLLFDADGTLIQRRRKITPTHFERMIWGQGDGSGLRAVDSKVGRIGQLACFEHNNPLARYALIADGEQIHSAMYPGSAFGEGFAQRMEINIRQHALESGAFVVNATAWLDADQQAQIMKDTGCGIGPISGGCFTTIVSPDGMLAEPLRSGEGEVIVDLDFTLIDRRKMLMDSA,N#Cc1ccc(N)cc1,0.0,False,0
81,KVVKAAAVQISPVLYSREATVAKVVQKIHELGQKGVQFATFPETVVPYYPYFSAVQTGIELLSGTEHLRLLDQAVTVPSAATDAIGEAARKAGMVVSIGVNERDGGTLYNTQLLFDADGTLIQRRRKITPTHFERMIWGQGDGSGLRAVDSKVGRIGQLACFEHNNPLARYALIADGEQIHSAMYPGSAFGEGFAQRMEINIRQHALESGAFVVNATAWLDADQQAQIMKDTGCGIGPISGGCFTTIVSPDGMLAEPLRSGEGEVIVDLDFTLIDRRKMLMDSA,N#CCc1ccc([N+](=O)[O-])cc1,0.0,False,0
82,KVVKAAAVQISPVLYSREATVAKVVQKIHELGQKGVQFATFPETVVPYYPYFSAVQTGIELLSGTEHLRLLDQAVTVPSAATDAIGEAARKAGMVVSIGVNERDGGTLYNTQLLFDADGTLIQRRRKITPTHFERMIWGQGDGSGLRAVDSKVGRIGQLACFEHNNPLARYALIADGEQIHSAMYPGSAFGEGFAQRMEINIRQHALESGAFVVNATAWLDADQQAQIMKDTGCGIGPISGGCFTTIVSPDGMLAEPLRSGEGEVIVDLDFTLIDRRKMLMDSA,CN(C)c1ccc(C#N)cc1,0.0,False,0
83,KVVKAAAVQISPVLYSREATVAKVVQKIHELGQKGVQFATFPETVVPYYPYFSAVQTGIELLSGTEHLRLLDQAVTVPSAATDAIGEAARKAGMVVSIGVNERDGGTLYNTQLLFDADGTLIQRRRKITPTHFERMIWGQGDGSGLRAVDSKVGRIGQLACFEHNNPLARYALIADGEQIHSAMYPGSAFGEGFAQRMEINIRQHALESGAFVVNATAWLDADQQAQIMKDTGCGIGPISGGCFTTIVSPDGMLAEPLRSGEGEVIVDLDFTLIDRRKMLMDSA,N#Cc1ccc(Cl)cc1,2.229,True,1
84,KVVKAAAVQISPVLYSREATVAKVVQKIHELGQKGVQFATFPETVVPYYPYFSAVQTGIELLSGTEHLRLLDQAVTVPSAATDAIGEAARKAGMVVSIGVNERDGGTLYNTQLLFDADGTLIQRRRKITPTHFERMIWGQGDGSGLRAVDSKVGRIGQLACFEHNNPLARYALIADGEQIHSAMYPGSAFGEGFAQRMEINIRQHALESGAFVVNATAWLDADQQAQIMKDTGCGIGPISGGCFTTIVSPDGMLAEPLRSGEGEVIVDLDFTLIDRRKMLMDSA,N#Cc1c(Cl)cccc1Cl,0.0,False,0
85,KVVKAAAVQISPVLYSREATVAKVVQKIHELGQKGVQFATFPETVVPYYPYFSAVQTGIELLSGTEHLRLLDQAVTVPSAATDAIGEAARKAGMVVSIGVNERDGGTLYNTQLLFDADGTLIQRRRKITPTHFERMIWGQGDGSGLRAVDSKVGRIGQLACFEHNNPLARYALIADGEQIHSAMYPGSAFGEGFAQRMEINIRQHALESGAFVVNATAWLDADQQAQIMKDTGCGIGPISGGCFTTIVSPDGMLAEPLRSGEGEVIVDLDFTLIDRRKMLMDSA,N#Cc1ccccc1N,0.0,False,0
86,KVVKAAAVQISPVLYSREATVAKVVQKIHELGQKGVQFATFPETVVPYYPYFSAVQTGIELLSGTEHLRLLDQAVTVPSAATDAIGEAARKAGMVVSIGVNERDGGTLYNTQLLFDADGTLIQRRRKITPTHFERMIWGQGDGSGLRAVDSKVGRIGQLACFEHNNPLARYALIADGEQIHSAMYPGSAFGEGFAQRMEINIRQHALESGAFVVNATAWLDADQQAQIMKDTGCGIGPISGGCFTTIVSPDGMLAEPLRSGEGEVIVDLDFTLIDRRKMLMDSA,COc1ccc(C#N)cc1,0.666,False,0
87,KVVKAAAVQISPVLYSREATVAKVVQKIHELGQKGVQFATFPETVVPYYPYFSAVQTGIELLSGTEHLRLLDQAVTVPSAATDAIGEAARKAGMVVSIGVNERDGGTLYNTQLLFDADGTLIQRRRKITPTHFERMIWGQGDGSGLRAVDSKVGRIGQLACFEHNNPLARYALIADGEQIHSAMYPGSAFGEGFAQRMEINIRQHALESGAFVVNATAWLDADQQAQIMKDTGCGIGPISGGCFTTIVSPDGMLAEPLRSGEGEVIVDLDFTLIDRRKMLMDSA,N#C/C=C/c1ccccc1,1.754,False,0
88,KVVKAAAVQISPVLYSREATVAKVVQKIHELGQKGVQFATFPETVVPYYPYFSAVQTGIELLSGTEHLRLLDQAVTVPSAATDAIGEAARKAGMVVSIGVNERDGGTLYNTQLLFDADGTLIQRRRKITPTHFERMIWGQGDGSGLRAVDSKVGRIGQLACFEHNNPLARYALIADGEQIHSAMYPGSAFGEGFAQRMEINIRQHALESGAFVVNATAWLDADQQAQIMKDTGCGIGPISGGCFTTIVSPDGMLAEPLRSGEGEVIVDLDFTLIDRRKMLMDSA,N#CCCc1ccccc1,0.07,False,0
89,KVVKAAAVQISPVLYSREATVAKVVQKIHELGQKGVQFATFPETVVPYYPYFSAVQTGIELLSGTEHLRLLDQAVTVPSAATDAIGEAARKAGMVVSIGVNERDGGTLYNTQLLFDADGTLIQRRRKITPTHFERMIWGQGDGSGLRAVDSKVGRIGQLACFEHNNPLARYALIADGEQIHSAMYPGSAFGEGFAQRMEINIRQHALESGAFVVNATAWLDADQQAQIMKDTGCGIGPISGGCFTTIVSPDGMLAEPLRSGEGEVIVDLDFTLIDRRKMLMDSA,N#CC1CCCCC1,0.147,False,0
90,KVVKAAAVQISPVLYSREATVAKVVQKIHELGQKGVQFATFPETVVPYYPYFSAVQTGIELLSGTEHLRLLDQAVTVPSAATDAIGEAARKAGMVVSIGVNERDGGTLYNTQLLFDADGTLIQRRRKITPTHFERMIWGQGDGSGLRAVDSKVGRIGQLACFEHNNPLARYALIADGEQIHSAMYPGSAFGEGFAQRMEINIRQHALESGAFVVNATAWLDADQQAQIMKDTGCGIGPISGGCFTTIVSPDGMLAEPLRSGEGEVIVDLDFTLIDRRKMLMDSA,C[C@@H](C#N)CCC#N,0.229,False,0
91,KVVKAAAVQISPVLYSREATVAKVVQKIHELGQKGVQFATFPETVVPYYPYFSAVQTGIELLSGTEHLRLLDQAVTVPSAATDAIGEAARKAGMVVSIGVNERDGGTLYNTQLLFDADGTLIQRRRKITPTHFERMIWGQGDGSGLRAVDSKVGRIGQLACFEHNNPLARYALIADGEQIHSAMYPGSAFGEGFAQRMEINIRQHALESGAFVVNATAWLDADQQAQIMKDTGCGIGPISGGCFTTIVSPDGMLAEPLRSGEGEVIVDLDFTLIDRRKMLMDSA,C[C@@H](C#N)c1ccccc1,0.0,False,0
92,KVVKAAAVQISPVLYSREATVAKVVQKIHELGQKGVQFATFPETVVPYYPYFSAVQTGIELLSGTEHLRLLDQAVTVPSAATDAIGEAARKAGMVVSIGVNERDGGTLYNTQLLFDADGTLIQRRRKITPTHFERMIWGQGDGSGLRAVDSKVGRIGQLACFEHNNPLARYALIADGEQIHSAMYPGSAFGEGFAQRMEINIRQHALESGAFVVNATAWLDADQQAQIMKDTGCGIGPISGGCFTTIVSPDGMLAEPLRSGEGEVIVDLDFTLIDRRKMLMDSA,CCCCC#N,0.0,False,0
93,KVVKAAAVQISPVLYSREATVAKVVQKIHELGQKGVQFATFPETVVPYYPYFSAVQTGIELLSGTEHLRLLDQAVTVPSAATDAIGEAARKAGMVVSIGVNERDGGTLYNTQLLFDADGTLIQRRRKITPTHFERMIWGQGDGSGLRAVDSKVGRIGQLACFEHNNPLARYALIADGEQIHSAMYPGSAFGEGFAQRMEINIRQHALESGAFVVNATAWLDADQQAQIMKDTGCGIGPISGGCFTTIVSPDGMLAEPLRSGEGEVIVDLDFTLIDRRKMLMDSA,N#Cc1cccc(C#N)c1,5.003,True,1
94,KVVKAAAVQISPVLYSREATVAKVVQKIHELGQKGVQFATFPETVVPYYPYFSAVQTGIELLSGTEHLRLLDQAVTVPSAATDAIGEAARKAGMVVSIGVNERDGGTLYNTQLLFDADGTLIQRRRKITPTHFERMIWGQGDGSGLRAVDSKVGRIGQLACFEHNNPLARYALIADGEQIHSAMYPGSAFGEGFAQRMEINIRQHALESGAFVVNATAWLDADQQAQIMKDTGCGIGPISGGCFTTIVSPDGMLAEPLRSGEGEVIVDLDFTLIDRRKMLMDSA,N#Cc1ccc(O)cc1,0.0,False,0
95,KVVKAAAVQISPVLYSREATVAKVVQKIHELGQKGVQFATFPETVVPYYPYFSAVQTGIELLSGTEHLRLLDQAVTVPSAATDAIGEAARKAGMVVSIGVNERDGGTLYNTQLLFDADGTLIQRRRKITPTHFERMIWGQGDGSGLRAVDSKVGRIGQLACFEHNNPLARYALIADGEQIHSAMYPGSAFGEGFAQRMEINIRQHALESGAFVVNATAWLDADQQAQIMKDTGCGIGPISGGCFTTIVSPDGMLAEPLRSGEGEVIVDLDFTLIDRRKMLMDSA,CCC#N,0.193,False,0
96,KVVKAAAVQISPVLYSREATVAKVVQKIHELGQKGVQFATFPETVVPYYPYFSAVQTGIELLSGTEHLRLLDQAVTVPSAATDAIGEAARKAGMVVSIGVNERDGGTLYNTQLLFDADGTLIQRRRKITPTHFERMIWGQGDGSGLRAVDSKVGRIGQLACFEHNNPLARYALIADGEQIHSAMYPGSAFGEGFAQRMEINIRQHALESGAFVVNATAWLDADQQAQIMKDTGCGIGPISGGCFTTIVSPDGMLAEPLRSGEGEVIVDLDFTLIDRRKMLMDSA,N#CCC(=O)c1ccccc1,0.0,False,0
97,KVVKAAAVQISPVLYSREATVAKVVQKIHELGQKGVQFATFPETVVPYYPYFSAVQTGIELLSGTEHLRLLDQAVTVPSAATDAIGEAARKAGMVVSIGVNERDGGTLYNTQLLFDADGTLIQRRRKITPTHFERMIWGQGDGSGLRAVDSKVGRIGQLACFEHNNPLARYALIADGEQIHSAMYPGSAFGEGFAQRMEINIRQHALESGAFVVNATAWLDADQQAQIMKDTGCGIGPISGGCFTTIVSPDGMLAEPLRSGEGEVIVDLDFTLIDRRKMLMDSA,N#C[C@H](O)c1ccccc1,0.0,False,0
98,KVVKAAAVQISPVLYSREATVAKVVQKIHELGQKGVQFATFPETVVPYYPYFSAVQTGIELLSGTEHLRLLDQAVTVPSAATDAIGEAARKAGMVVSIGVNERDGGTLYNTQLLFDADGTLIQRRRKITPTHFERMIWGQGDGSGLRAVDSKVGRIGQLACFEHNNPLARYALIADGEQIHSAMYPGSAFGEGFAQRMEINIRQHALESGAFVVNATAWLDADQQAQIMKDTGCGIGPISGGCFTTIVSPDGMLAEPLRSGEGEVIVDLDFTLIDRRKMLMDSA,N#Cc1ccccc1,0.0,False,0
99,KVVKAAAVQISPVLYSREATVAKVVQKIHELGQKGVQFATFPETVVPYYPYFSAVQTGIELLSGTEHLRLLDQAVTVPSAATDAIGEAARKAGMVVSIGVNERDGGTLYNTQLLFDADGTLIQRRRKITPTHFERMIWGQGDGSGLRAVDSKVGRIGQLACFEHNNPLARYALIADGEQIHSAMYPGSAFGEGFAQRMEINIRQHALESGAFVVNATAWLDADQQAQIMKDTGCGIGPISGGCFTTIVSPDGMLAEPLRSGEGEVIVDLDFTLIDRRKMLMDSA,C=CC#N,0.0,False,0
100,KTVRAAAVQIAPDLTSRAGTVERVLNAIAEASDKGAELIVFPETFVPWYPYFSFVLPPVQQGPEHLRLYEEAVTVPSAETRAVADAARKRNAVIVLGVNERDHGSLYNTQLIFDADGSLKLKRRKITPTYHERMIWGQGDGAGLKVVETAIGRMGALACWEHYNPLARYALMAQHEEIHASHFPGSLVGPIFGEQIEVTMRHHALESGCFVVNATGWLSEEQIASIHPDPSLQKGLRDGCMTCIITPEGRHVVPPLTSGEGILIGDLDMRLITKRKRMMDSV,N#Cc1ccc(N)cc1,0.0,False,0
101,KTVRAAAVQIAPDLTSRAGTVERVLNAIAEASDKGAELIVFPETFVPWYPYFSFVLPPVQQGPEHLRLYEEAVTVPSAETRAVADAARKRNAVIVLGVNERDHGSLYNTQLIFDADGSLKLKRRKITPTYHERMIWGQGDGAGLKVVETAIGRMGALACWEHYNPLARYALMAQHEEIHASHFPGSLVGPIFGEQIEVTMRHHALESGCFVVNATGWLSEEQIASIHPDPSLQKGLRDGCMTCIITPEGRHVVPPLTSGEGILIGDLDMRLITKRKRMMDSV,N#CCc1ccc([N+](=O)[O-])cc1,0.0,False,0
102,KTVRAAAVQIAPDLTSRAGTVERVLNAIAEASDKGAELIVFPETFVPWYPYFSFVLPPVQQGPEHLRLYEEAVTVPSAETRAVADAARKRNAVIVLGVNERDHGSLYNTQLIFDADGSLKLKRRKITPTYHERMIWGQGDGAGLKVVETAIGRMGALACWEHYNPLARYALMAQHEEIHASHFPGSLVGPIFGEQIEVTMRHHALESGCFVVNATGWLSEEQIASIHPDPSLQKGLRDGCMTCIITPEGRHVVPPLTSGEGILIGDLDMRLITKRKRMMDSV,CN(C)c1ccc(C#N)cc1,0.0,False,0
103,KTVRAAAVQIAPDLTSRAGTVERVLNAIAEASDKGAELIVFPETFVPWYPYFSFVLPPVQQGPEHLRLYEEAVTVPSAETRAVADAARKRNAVIVLGVNERDHGSLYNTQLIFDADGSLKLKRRKITPTYHERMIWGQGDGAGLKVVETAIGRMGALACWEHYNPLARYALMAQHEEIHASHFPGSLVGPIFGEQIEVTMRHHALESGCFVVNATGWLSEEQIASIHPDPSLQKGLRDGCMTCIITPEGRHVVPPLTSGEGILIGDLDMRLITKRKRMMDSV,N#Cc1ccc(Cl)cc1,0.444,False,0
104,KTVRAAAVQIAPDLTSRAGTVERVLNAIAEASDKGAELIVFPETFVPWYPYFSFVLPPVQQGPEHLRLYEEAVTVPSAETRAVADAARKRNAVIVLGVNERDHGSLYNTQLIFDADGSLKLKRRKITPTYHERMIWGQGDGAGLKVVETAIGRMGALACWEHYNPLARYALMAQHEEIHASHFPGSLVGPIFGEQIEVTMRHHALESGCFVVNATGWLSEEQIASIHPDPSLQKGLRDGCMTCIITPEGRHVVPPLTSGEGILIGDLDMRLITKRKRMMDSV,N#Cc1c(Cl)cccc1Cl,0.0,False,0
105,KTVRAAAVQIAPDLTSRAGTVERVLNAIAEASDKGAELIVFPETFVPWYPYFSFVLPPVQQGPEHLRLYEEAVTVPSAETRAVADAARKRNAVIVLGVNERDHGSLYNTQLIFDADGSLKLKRRKITPTYHERMIWGQGDGAGLKVVETAIGRMGALACWEHYNPLARYALMAQHEEIHASHFPGSLVGPIFGEQIEVTMRHHALESGCFVVNATGWLSEEQIASIHPDPSLQKGLRDGCMTCIITPEGRHVVPPLTSGEGILIGDLDMRLITKRKRMMDSV,N#Cc1ccccc1N,0.0,False,0
106,KTVRAAAVQIAPDLTSRAGTVERVLNAIAEASDKGAELIVFPETFVPWYPYFSFVLPPVQQGPEHLRLYEEAVTVPSAETRAVADAARKRNAVIVLGVNERDHGSLYNTQLIFDADGSLKLKRRKITPTYHERMIWGQGDGAGLKVVETAIGRMGALACWEHYNPLARYALMAQHEEIHASHFPGSLVGPIFGEQIEVTMRHHALESGCFVVNATGWLSEEQIASIHPDPSLQKGLRDGCMTCIITPEGRHVVPPLTSGEGILIGDLDMRLITKRKRMMDSV,COc1ccc(C#N)cc1,0.0,False,0
107,KTVRAAAVQIAPDLTSRAGTVERVLNAIAEASDKGAELIVFPETFVPWYPYFSFVLPPVQQGPEHLRLYEEAVTVPSAETRAVADAARKRNAVIVLGVNERDHGSLYNTQLIFDADGSLKLKRRKITPTYHERMIWGQGDGAGLKVVETAIGRMGALACWEHYNPLARYALMAQHEEIHASHFPGSLVGPIFGEQIEVTMRHHALESGCFVVNATGWLSEEQIASIHPDPSLQKGLRDGCMTCIITPEGRHVVPPLTSGEGILIGDLDMRLITKRKRMMDSV,N#C/C=C/c1ccccc1,2.545,True,1
108,KTVRAAAVQIAPDLTSRAGTVERVLNAIAEASDKGAELIVFPETFVPWYPYFSFVLPPVQQGPEHLRLYEEAVTVPSAETRAVADAARKRNAVIVLGVNERDHGSLYNTQLIFDADGSLKLKRRKITPTYHERMIWGQGDGAGLKVVETAIGRMGALACWEHYNPLARYALMAQHEEIHASHFPGSLVGPIFGEQIEVTMRHHALESGCFVVNATGWLSEEQIASIHPDPSLQKGLRDGCMTCIITPEGRHVVPPLTSGEGILIGDLDMRLITKRKRMMDSV,N#CCCc1ccccc1,2.668,True,1
109,KTVRAAAVQIAPDLTSRAGTVERVLNAIAEASDKGAELIVFPETFVPWYPYFSFVLPPVQQGPEHLRLYEEAVTVPSAETRAVADAARKRNAVIVLGVNERDHGSLYNTQLIFDADGSLKLKRRKITPTYHERMIWGQGDGAGLKVVETAIGRMGALACWEHYNPLARYALMAQHEEIHASHFPGSLVGPIFGEQIEVTMRHHALESGCFVVNATGWLSEEQIASIHPDPSLQKGLRDGCMTCIITPEGRHVVPPLTSGEGILIGDLDMRLITKRKRMMDSV,N#CC1CCCCC1,0.0,False,0
110,KTVRAAAVQIAPDLTSRAGTVERVLNAIAEASDKGAELIVFPETFVPWYPYFSFVLPPVQQGPEHLRLYEEAVTVPSAETRAVADAARKRNAVIVLGVNERDHGSLYNTQLIFDADGSLKLKRRKITPTYHERMIWGQGDGAGLKVVETAIGRMGALACWEHYNPLARYALMAQHEEIHASHFPGSLVGPIFGEQIEVTMRHHALESGCFVVNATGWLSEEQIASIHPDPSLQKGLRDGCMTCIITPEGRHVVPPLTSGEGILIGDLDMRLITKRKRMMDSV,C[C@@H](C#N)CCC#N,0.0,False,0
111,KTVRAAAVQIAPDLTSRAGTVERVLNAIAEASDKGAELIVFPETFVPWYPYFSFVLPPVQQGPEHLRLYEEAVTVPSAETRAVADAARKRNAVIVLGVNERDHGSLYNTQLIFDADGSLKLKRRKITPTYHERMIWGQGDGAGLKVVETAIGRMGALACWEHYNPLARYALMAQHEEIHASHFPGSLVGPIFGEQIEVTMRHHALESGCFVVNATGWLSEEQIASIHPDPSLQKGLRDGCMTCIITPEGRHVVPPLTSGEGILIGDLDMRLITKRKRMMDSV,C[C@@H](C#N)c1ccccc1,0.0,False,0
112,KTVRAAAVQIAPDLTSRAGTVERVLNAIAEASDKGAELIVFPETFVPWYPYFSFVLPPVQQGPEHLRLYEEAVTVPSAETRAVADAARKRNAVIVLGVNERDHGSLYNTQLIFDADGSLKLKRRKITPTYHERMIWGQGDGAGLKVVETAIGRMGALACWEHYNPLARYALMAQHEEIHASHFPGSLVGPIFGEQIEVTMRHHALESGCFVVNATGWLSEEQIASIHPDPSLQKGLRDGCMTCIITPEGRHVVPPLTSGEGILIGDLDMRLITKRKRMMDSV,CCCCC#N,0.0,False,0
113,KTVRAAAVQIAPDLTSRAGTVERVLNAIAEASDKGAELIVFPETFVPWYPYFSFVLPPVQQGPEHLRLYEEAVTVPSAETRAVADAARKRNAVIVLGVNERDHGSLYNTQLIFDADGSLKLKRRKITPTYHERMIWGQGDGAGLKVVETAIGRMGALACWEHYNPLARYALMAQHEEIHASHFPGSLVGPIFGEQIEVTMRHHALESGCFVVNATGWLSEEQIASIHPDPSLQKGLRDGCMTCIITPEGRHVVPPLTSGEGILIGDLDMRLITKRKRMMDSV,N#Cc1cccc(C#N)c1,0.0,False,0
114,KTVRAAAVQIAPDLTSRAGTVERVLNAIAEASDKGAELIVFPETFVPWYPYFSFVLPPVQQGPEHLRLYEEAVTVPSAETRAVADAARKRNAVIVLGVNERDHGSLYNTQLIFDADGSLKLKRRKITPTYHERMIWGQGDGAGLKVVETAIGRMGALACWEHYNPLARYALMAQHEEIHASHFPGSLVGPIFGEQIEVTMRHHALESGCFVVNATGWLSEEQIASIHPDPSLQKGLRDGCMTCIITPEGRHVVPPLTSGEGILIGDLDMRLITKRKRMMDSV,N#Cc1ccc(O)cc1,0.0,False,0
115,KTVRAAAVQIAPDLTSRAGTVERVLNAIAEASDKGAELIVFPETFVPWYPYFSFVLPPVQQGPEHLRLYEEAVTVPSAETRAVADAARKRNAVIVLGVNERDHGSLYNTQLIFDADGSLKLKRRKITPTYHERMIWGQGDGAGLKVVETAIGRMGALACWEHYNPLARYALMAQHEEIHASHFPGSLVGPIFGEQIEVTMRHHALESGCFVVNATGWLSEEQIASIHPDPSLQKGLRDGCMTCIITPEGRHVVPPLTSGEGILIGDLDMRLITKRKRMMDSV,CCC#N,0.0,False,0
116,KTVRAAAVQIAPDLTSRAGTVERVLNAIAEASDKGAELIVFPETFVPWYPYFSFVLPPVQQGPEHLRLYEEAVTVPSAETRAVADAARKRNAVIVLGVNERDHGSLYNTQLIFDADGSLKLKRRKITPTYHERMIWGQGDGAGLKVVETAIGRMGALACWEHYNPLARYALMAQHEEIHASHFPGSLVGPIFGEQIEVTMRHHALESGCFVVNATGWLSEEQIASIHPDPSLQKGLRDGCMTCIITPEGRHVVPPLTSGEGILIGDLDMRLITKRKRMMDSV,N#CCC(=O)c1ccccc1,0.215,False,0
117,KTVRAAAVQIAPDLTSRAGTVERVLNAIAEASDKGAELIVFPETFVPWYPYFSFVLPPVQQGPEHLRLYEEAVTVPSAETRAVADAARKRNAVIVLGVNERDHGSLYNTQLIFDADGSLKLKRRKITPTYHERMIWGQGDGAGLKVVETAIGRMGALACWEHYNPLARYALMAQHEEIHASHFPGSLVGPIFGEQIEVTMRHHALESGCFVVNATGWLSEEQIASIHPDPSLQKGLRDGCMTCIITPEGRHVVPPLTSGEGILIGDLDMRLITKRKRMMDSV,N#C[C@H](O)c1ccccc1,0.0,False,0
118,KTVRAAAVQIAPDLTSRAGTVERVLNAIAEASDKGAELIVFPETFVPWYPYFSFVLPPVQQGPEHLRLYEEAVTVPSAETRAVADAARKRNAVIVLGVNERDHGSLYNTQLIFDADGSLKLKRRKITPTYHERMIWGQGDGAGLKVVETAIGRMGALACWEHYNPLARYALMAQHEEIHASHFPGSLVGPIFGEQIEVTMRHHALESGCFVVNATGWLSEEQIASIHPDPSLQKGLRDGCMTCIITPEGRHVVPPLTSGEGILIGDLDMRLITKRKRMMDSV,N#Cc1ccccc1,0.0,False,0
119,KTVRAAAVQIAPDLTSRAGTVERVLNAIAEASDKGAELIVFPETFVPWYPYFSFVLPPVQQGPEHLRLYEEAVTVPSAETRAVADAARKRNAVIVLGVNERDHGSLYNTQLIFDADGSLKLKRRKITPTYHERMIWGQGDGAGLKVVETAIGRMGALACWEHYNPLARYALMAQHEEIHASHFPGSLVGPIFGEQIEVTMRHHALESGCFVVNATGWLSEEQIASIHPDPSLQKGLRDGCMTCIITPEGRHVVPPLTSGEGILIGDLDMRLITKRKRMMDSV,C=CC#N,0.0,False,0
120,PTIRAAAIQLSPVLFSRDGTTEKVLQAIASAAKEGAQLVVFPETFIPYYPYFSFIQPPVLMGKEHMRLYEEAVTVPGPVTDAVSRAARSYGMVVVLGVNERDGGSIYNTQLIFDADGTLLLKRRKITPTYHERMVWGQGDGAGLKVLDTAVGKVGALACWEHYNPLARFALMAQHEQIHCAQFPGSLVGQIFTDQIEVTIRHHALESGCFVVNATGWLSPEQVAQITTDEKLQRVLSGGCNTAIIGPEGNHLCPPITDGEGIAIADLDFSLITKRKRMMDCV,N#Cc1ccc(N)cc1,0.652,False,0
121,PTIRAAAIQLSPVLFSRDGTTEKVLQAIASAAKEGAQLVVFPETFIPYYPYFSFIQPPVLMGKEHMRLYEEAVTVPGPVTDAVSRAARSYGMVVVLGVNERDGGSIYNTQLIFDADGTLLLKRRKITPTYHERMVWGQGDGAGLKVLDTAVGKVGALACWEHYNPLARFALMAQHEQIHCAQFPGSLVGQIFTDQIEVTIRHHALESGCFVVNATGWLSPEQVAQITTDEKLQRVLSGGCNTAIIGPEGNHLCPPITDGEGIAIADLDFSLITKRKRMMDCV,N#CCc1ccc([N+](=O)[O-])cc1,0.0,False,0
122,PTIRAAAIQLSPVLFSRDGTTEKVLQAIASAAKEGAQLVVFPETFIPYYPYFSFIQPPVLMGKEHMRLYEEAVTVPGPVTDAVSRAARSYGMVVVLGVNERDGGSIYNTQLIFDADGTLLLKRRKITPTYHERMVWGQGDGAGLKVLDTAVGKVGALACWEHYNPLARFALMAQHEQIHCAQFPGSLVGQIFTDQIEVTIRHHALESGCFVVNATGWLSPEQVAQITTDEKLQRVLSGGCNTAIIGPEGNHLCPPITDGEGIAIADLDFSLITKRKRMMDCV,CN(C)c1ccc(C#N)cc1,2.161,True,1
123,PTIRAAAIQLSPVLFSRDGTTEKVLQAIASAAKEGAQLVVFPETFIPYYPYFSFIQPPVLMGKEHMRLYEEAVTVPGPVTDAVSRAARSYGMVVVLGVNERDGGSIYNTQLIFDADGTLLLKRRKITPTYHERMVWGQGDGAGLKVLDTAVGKVGALACWEHYNPLARFALMAQHEQIHCAQFPGSLVGQIFTDQIEVTIRHHALESGCFVVNATGWLSPEQVAQITTDEKLQRVLSGGCNTAIIGPEGNHLCPPITDGEGIAIADLDFSLITKRKRMMDCV,N#Cc1ccc(Cl)cc1,1.648,False,0
124,PTIRAAAIQLSPVLFSRDGTTEKVLQAIASAAKEGAQLVVFPETFIPYYPYFSFIQPPVLMGKEHMRLYEEAVTVPGPVTDAVSRAARSYGMVVVLGVNERDGGSIYNTQLIFDADGTLLLKRRKITPTYHERMVWGQGDGAGLKVLDTAVGKVGALACWEHYNPLARFALMAQHEQIHCAQFPGSLVGQIFTDQIEVTIRHHALESGCFVVNATGWLSPEQVAQITTDEKLQRVLSGGCNTAIIGPEGNHLCPPITDGEGIAIADLDFSLITKRKRMMDCV,N#Cc1c(Cl)cccc1Cl,0.0,False,0
125,PTIRAAAIQLSPVLFSRDGTTEKVLQAIASAAKEGAQLVVFPETFIPYYPYFSFIQPPVLMGKEHMRLYEEAVTVPGPVTDAVSRAARSYGMVVVLGVNERDGGSIYNTQLIFDADGTLLLKRRKITPTYHERMVWGQGDGAGLKVLDTAVGKVGALACWEHYNPLARFALMAQHEQIHCAQFPGSLVGQIFTDQIEVTIRHHALESGCFVVNATGWLSPEQVAQITTDEKLQRVLSGGCNTAIIGPEGNHLCPPITDGEGIAIADLDFSLITKRKRMMDCV,N#Cc1ccccc1N,0.0,False,0
126,PTIRAAAIQLSPVLFSRDGTTEKVLQAIASAAKEGAQLVVFPETFIPYYPYFSFIQPPVLMGKEHMRLYEEAVTVPGPVTDAVSRAARSYGMVVVLGVNERDGGSIYNTQLIFDADGTLLLKRRKITPTYHERMVWGQGDGAGLKVLDTAVGKVGALACWEHYNPLARFALMAQHEQIHCAQFPGSLVGQIFTDQIEVTIRHHALESGCFVVNATGWLSPEQVAQITTDEKLQRVLSGGCNTAIIGPEGNHLCPPITDGEGIAIADLDFSLITKRKRMMDCV,COc1ccc(C#N)cc1,2.485,True,1
127,PTIRAAAIQLSPVLFSRDGTTEKVLQAIASAAKEGAQLVVFPETFIPYYPYFSFIQPPVLMGKEHMRLYEEAVTVPGPVTDAVSRAARSYGMVVVLGVNERDGGSIYNTQLIFDADGTLLLKRRKITPTYHERMVWGQGDGAGLKVLDTAVGKVGALACWEHYNPLARFALMAQHEQIHCAQFPGSLVGQIFTDQIEVTIRHHALESGCFVVNATGWLSPEQVAQITTDEKLQRVLSGGCNTAIIGPEGNHLCPPITDGEGIAIADLDFSLITKRKRMMDCV,N#C/C=C/c1ccccc1,4.099,True,1
128,PTIRAAAIQLSPVLFSRDGTTEKVLQAIASAAKEGAQLVVFPETFIPYYPYFSFIQPPVLMGKEHMRLYEEAVTVPGPVTDAVSRAARSYGMVVVLGVNERDGGSIYNTQLIFDADGTLLLKRRKITPTYHERMVWGQGDGAGLKVLDTAVGKVGALACWEHYNPLARFALMAQHEQIHCAQFPGSLVGQIFTDQIEVTIRHHALESGCFVVNATGWLSPEQVAQITTDEKLQRVLSGGCNTAIIGPEGNHLCPPITDGEGIAIADLDFSLITKRKRMMDCV,N#CCCc1ccccc1,2.052,True,1
129,PTIRAAAIQLSPVLFSRDGTTEKVLQAIASAAKEGAQLVVFPETFIPYYPYFSFIQPPVLMGKEHMRLYEEAVTVPGPVTDAVSRAARSYGMVVVLGVNERDGGSIYNTQLIFDADGTLLLKRRKITPTYHERMVWGQGDGAGLKVLDTAVGKVGALACWEHYNPLARFALMAQHEQIHCAQFPGSLVGQIFTDQIEVTIRHHALESGCFVVNATGWLSPEQVAQITTDEKLQRVLSGGCNTAIIGPEGNHLCPPITDGEGIAIADLDFSLITKRKRMMDCV,N#CC1CCCCC1,0.0,False,0
130,PTIRAAAIQLSPVLFSRDGTTEKVLQAIASAAKEGAQLVVFPETFIPYYPYFSFIQPPVLMGKEHMRLYEEAVTVPGPVTDAVSRAARSYGMVVVLGVNERDGGSIYNTQLIFDADGTLLLKRRKITPTYHERMVWGQGDGAGLKVLDTAVGKVGALACWEHYNPLARFALMAQHEQIHCAQFPGSLVGQIFTDQIEVTIRHHALESGCFVVNATGWLSPEQVAQITTDEKLQRVLSGGCNTAIIGPEGNHLCPPITDGEGIAIADLDFSLITKRKRMMDCV,C[C@@H](C#N)CCC#N,3.695,True,1
131,PTIRAAAIQLSPVLFSRDGTTEKVLQAIASAAKEGAQLVVFPETFIPYYPYFSFIQPPVLMGKEHMRLYEEAVTVPGPVTDAVSRAARSYGMVVVLGVNERDGGSIYNTQLIFDADGTLLLKRRKITPTYHERMVWGQGDGAGLKVLDTAVGKVGALACWEHYNPLARFALMAQHEQIHCAQFPGSLVGQIFTDQIEVTIRHHALESGCFVVNATGWLSPEQVAQITTDEKLQRVLSGGCNTAIIGPEGNHLCPPITDGEGIAIADLDFSLITKRKRMMDCV,C[C@@H](C#N)c1ccccc1,0.0,False,0
132,PTIRAAAIQLSPVLFSRDGTTEKVLQAIASAAKEGAQLVVFPETFIPYYPYFSFIQPPVLMGKEHMRLYEEAVTVPGPVTDAVSRAARSYGMVVVLGVNERDGGSIYNTQLIFDADGTLLLKRRKITPTYHERMVWGQGDGAGLKVLDTAVGKVGALACWEHYNPLARFALMAQHEQIHCAQFPGSLVGQIFTDQIEVTIRHHALESGCFVVNATGWLSPEQVAQITTDEKLQRVLSGGCNTAIIGPEGNHLCPPITDGEGIAIADLDFSLITKRKRMMDCV,CCCCC#N,0.0,False,0
133,PTIRAAAIQLSPVLFSRDGTTEKVLQAIASAAKEGAQLVVFPETFIPYYPYFSFIQPPVLMGKEHMRLYEEAVTVPGPVTDAVSRAARSYGMVVVLGVNERDGGSIYNTQLIFDADGTLLLKRRKITPTYHERMVWGQGDGAGLKVLDTAVGKVGALACWEHYNPLARFALMAQHEQIHCAQFPGSLVGQIFTDQIEVTIRHHALESGCFVVNATGWLSPEQVAQITTDEKLQRVLSGGCNTAIIGPEGNHLCPPITDGEGIAIADLDFSLITKRKRMMDCV,N#Cc1cccc(C#N)c1,2.174,True,1
134,PTIRAAAIQLSPVLFSRDGTTEKVLQAIASAAKEGAQLVVFPETFIPYYPYFSFIQPPVLMGKEHMRLYEEAVTVPGPVTDAVSRAARSYGMVVVLGVNERDGGSIYNTQLIFDADGTLLLKRRKITPTYHERMVWGQGDGAGLKVLDTAVGKVGALACWEHYNPLARFALMAQHEQIHCAQFPGSLVGQIFTDQIEVTIRHHALESGCFVVNATGWLSPEQVAQITTDEKLQRVLSGGCNTAIIGPEGNHLCPPITDGEGIAIADLDFSLITKRKRMMDCV,N#Cc1ccc(O)cc1,0.0,False,0
135,PTIRAAAIQLSPVLFSRDGTTEKVLQAIASAAKEGAQLVVFPETFIPYYPYFSFIQPPVLMGKEHMRLYEEAVTVPGPVTDAVSRAARSYGMVVVLGVNERDGGSIYNTQLIFDADGTLLLKRRKITPTYHERMVWGQGDGAGLKVLDTAVGKVGALACWEHYNPLARFALMAQHEQIHCAQFPGSLVGQIFTDQIEVTIRHHALESGCFVVNATGWLSPEQVAQITTDEKLQRVLSGGCNTAIIGPEGNHLCPPITDGEGIAIADLDFSLITKRKRMMDCV,CCC#N,0.0,False,0
136,PTIRAAAIQLSPVLFSRDGTTEKVLQAIASAAKEGAQLVVFPETFIPYYPYFSFIQPPVLMGKEHMRLYEEAVTVPGPVTDAVSRAARSYGMVVVLGVNERDGGSIYNTQLIFDADGTLLLKRRKITPTYHERMVWGQGDGAGLKVLDTAVGKVGALACWEHYNPLARFALMAQHEQIHCAQFPGSLVGQIFTDQIEVTIRHHALESGCFVVNATGWLSPEQVAQITTDEKLQRVLSGGCNTAIIGPEGNHLCPPITDGEGIAIADLDFSLITKRKRMMDCV,N#CCC(=O)c1ccccc1,1.178,False,0
137,PTIRAAAIQLSPVLFSRDGTTEKVLQAIASAAKEGAQLVVFPETFIPYYPYFSFIQPPVLMGKEHMRLYEEAVTVPGPVTDAVSRAARSYGMVVVLGVNERDGGSIYNTQLIFDADGTLLLKRRKITPTYHERMVWGQGDGAGLKVLDTAVGKVGALACWEHYNPLARFALMAQHEQIHCAQFPGSLVGQIFTDQIEVTIRHHALESGCFVVNATGWLSPEQVAQITTDEKLQRVLSGGCNTAIIGPEGNHLCPPITDGEGIAIADLDFSLITKRKRMMDCV,N#C[C@H](O)c1ccccc1,0.0,False,0
138,PTIRAAAIQLSPVLFSRDGTTEKVLQAIASAAKEGAQLVVFPETFIPYYPYFSFIQPPVLMGKEHMRLYEEAVTVPGPVTDAVSRAARSYGMVVVLGVNERDGGSIYNTQLIFDADGTLLLKRRKITPTYHERMVWGQGDGAGLKVLDTAVGKVGALACWEHYNPLARFALMAQHEQIHCAQFPGSLVGQIFTDQIEVTIRHHALESGCFVVNATGWLSPEQVAQITTDEKLQRVLSGGCNTAIIGPEGNHLCPPITDGEGIAIADLDFSLITKRKRMMDCV,N#Cc1ccccc1,0.0,False,0
139,PTIRAAAIQLSPVLFSRDGTTEKVLQAIASAAKEGAQLVVFPETFIPYYPYFSFIQPPVLMGKEHMRLYEEAVTVPGPVTDAVSRAARSYGMVVVLGVNERDGGSIYNTQLIFDADGTLLLKRRKITPTYHERMVWGQGDGAGLKVLDTAVGKVGALACWEHYNPLARFALMAQHEQIHCAQFPGSLVGQIFTDQIEVTIRHHALESGCFVVNATGWLSPEQVAQITTDEKLQRVLSGGCNTAIIGPEGNHLCPPITDGEGIAIADLDFSLITKRKRMMDCV,C=CC#N,0.0,False,0
140,EAIKVACVQAAPIYMDLEATVDKTIELMEEAARNNARLIAFPETWIPGYPWFLWLDSPAWAMQFVRQYHENSLELDGPQAKRISDAAKRLGIMVTLGMSERVGGTLYISQWFIGDNGDTIGARRKLKPTFVERTLFGEGDGSSLAVFETSVGRLGGLCCWEHLQPLTKYALYAQNEEIHCAAWPSFSLYPNAAKALGPDVNVAASRIYAVEGQCFVLASCALVSQSMIDMLCTDDEKHALLLAGGGHSRIIGPDGGDLVAPLAENEEGILYANLDPGVRILAKMAADPA,N#Cc1ccc(N)cc1,0.076,False,0
141,EAIKVACVQAAPIYMDLEATVDKTIELMEEAARNNARLIAFPETWIPGYPWFLWLDSPAWAMQFVRQYHENSLELDGPQAKRISDAAKRLGIMVTLGMSERVGGTLYISQWFIGDNGDTIGARRKLKPTFVERTLFGEGDGSSLAVFETSVGRLGGLCCWEHLQPLTKYALYAQNEEIHCAAWPSFSLYPNAAKALGPDVNVAASRIYAVEGQCFVLASCALVSQSMIDMLCTDDEKHALLLAGGGHSRIIGPDGGDLVAPLAENEEGILYANLDPGVRILAKMAADPA,N#CCc1ccc([N+](=O)[O-])cc1,6.12,True,1
142,EAIKVACVQAAPIYMDLEATVDKTIELMEEAARNNARLIAFPETWIPGYPWFLWLDSPAWAMQFVRQYHENSLELDGPQAKRISDAAKRLGIMVTLGMSERVGGTLYISQWFIGDNGDTIGARRKLKPTFVERTLFGEGDGSSLAVFETSVGRLGGLCCWEHLQPLTKYALYAQNEEIHCAAWPSFSLYPNAAKALGPDVNVAASRIYAVEGQCFVLASCALVSQSMIDMLCTDDEKHALLLAGGGHSRIIGPDGGDLVAPLAENEEGILYANLDPGVRILAKMAADPA,CN(C)c1ccc(C#N)cc1,0.0,False,0
143,EAIKVACVQAAPIYMDLEATVDKTIELMEEAARNNARLIAFPETWIPGYPWFLWLDSPAWAMQFVRQYHENSLELDGPQAKRISDAAKRLGIMVTLGMSERVGGTLYISQWFIGDNGDTIGARRKLKPTFVERTLFGEGDGSSLAVFETSVGRLGGLCCWEHLQPLTKYALYAQNEEIHCAAWPSFSLYPNAAKALGPDVNVAASRIYAVEGQCFVLASCALVSQSMIDMLCTDDEKHALLLAGGGHSRIIGPDGGDLVAPLAENEEGILYANLDPGVRILAKMAADPA,N#Cc1ccc(Cl)cc1,4.123,True,1
144,EAIKVACVQAAPIYMDLEATVDKTIELMEEAARNNARLIAFPETWIPGYPWFLWLDSPAWAMQFVRQYHENSLELDGPQAKRISDAAKRLGIMVTLGMSERVGGTLYISQWFIGDNGDTIGARRKLKPTFVERTLFGEGDGSSLAVFETSVGRLGGLCCWEHLQPLTKYALYAQNEEIHCAAWPSFSLYPNAAKALGPDVNVAASRIYAVEGQCFVLASCALVSQSMIDMLCTDDEKHALLLAGGGHSRIIGPDGGDLVAPLAENEEGILYANLDPGVRILAKMAADPA,N#Cc1c(Cl)cccc1Cl,0.031,False,0
145,EAIKVACVQAAPIYMDLEATVDKTIELMEEAARNNARLIAFPETWIPGYPWFLWLDSPAWAMQFVRQYHENSLELDGPQAKRISDAAKRLGIMVTLGMSERVGGTLYISQWFIGDNGDTIGARRKLKPTFVERTLFGEGDGSSLAVFETSVGRLGGLCCWEHLQPLTKYALYAQNEEIHCAAWPSFSLYPNAAKALGPDVNVAASRIYAVEGQCFVLASCALVSQSMIDMLCTDDEKHALLLAGGGHSRIIGPDGGDLVAPLAENEEGILYANLDPGVRILAKMAADPA,N#Cc1ccccc1N,0.0,False,0
146,EAIKVACVQAAPIYMDLEATVDKTIELMEEAARNNARLIAFPETWIPGYPWFLWLDSPAWAMQFVRQYHENSLELDGPQAKRISDAAKRLGIMVTLGMSERVGGTLYISQWFIGDNGDTIGARRKLKPTFVERTLFGEGDGSSLAVFETSVGRLGGLCCWEHLQPLTKYALYAQNEEIHCAAWPSFSLYPNAAKALGPDVNVAASRIYAVEGQCFVLASCALVSQSMIDMLCTDDEKHALLLAGGGHSRIIGPDGGDLVAPLAENEEGILYANLDPGVRILAKMAADPA,COc1ccc(C#N)cc1,3.015,True,1
147,EAIKVACVQAAPIYMDLEATVDKTIELMEEAARNNARLIAFPETWIPGYPWFLWLDSPAWAMQFVRQYHENSLELDGPQAKRISDAAKRLGIMVTLGMSERVGGTLYISQWFIGDNGDTIGARRKLKPTFVERTLFGEGDGSSLAVFETSVGRLGGLCCWEHLQPLTKYALYAQNEEIHCAAWPSFSLYPNAAKALGPDVNVAASRIYAVEGQCFVLASCALVSQSMIDMLCTDDEKHALLLAGGGHSRIIGPDGGDLVAPLAENEEGILYANLDPGVRILAKMAADPA,N#C/C=C/c1ccccc1,0.0,False,0
148,EAIKVACVQAAPIYMDLEATVDKTIELMEEAARNNARLIAFPETWIPGYPWFLWLDSPAWAMQFVRQYHENSLELDGPQAKRISDAAKRLGIMVTLGMSERVGGTLYISQWFIGDNGDTIGARRKLKPTFVERTLFGEGDGSSLAVFETSVGRLGGLCCWEHLQPLTKYALYAQNEEIHCAAWPSFSLYPNAAKALGPDVNVAASRIYAVEGQCFVLASCALVSQSMIDMLCTDDEKHALLLAGGGHSRIIGPDGGDLVAPLAENEEGILYANLDPGVRILAKMAADPA,N#CCCc1ccccc1,6.145,True,1
149,EAIKVACVQAAPIYMDLEATVDKTIELMEEAARNNARLIAFPETWIPGYPWFLWLDSPAWAMQFVRQYHENSLELDGPQAKRISDAAKRLGIMVTLGMSERVGGTLYISQWFIGDNGDTIGARRKLKPTFVERTLFGEGDGSSLAVFETSVGRLGGLCCWEHLQPLTKYALYAQNEEIHCAAWPSFSLYPNAAKALGPDVNVAASRIYAVEGQCFVLASCALVSQSMIDMLCTDDEKHALLLAGGGHSRIIGPDGGDLVAPLAENEEGILYANLDPGVRILAKMAADPA,N#CC1CCCCC1,1.268,False,0
150,EAIKVACVQAAPIYMDLEATVDKTIELMEEAARNNARLIAFPETWIPGYPWFLWLDSPAWAMQFVRQYHENSLELDGPQAKRISDAAKRLGIMVTLGMSERVGGTLYISQWFIGDNGDTIGARRKLKPTFVERTLFGEGDGSSLAVFETSVGRLGGLCCWEHLQPLTKYALYAQNEEIHCAAWPSFSLYPNAAKALGPDVNVAASRIYAVEGQCFVLASCALVSQSMIDMLCTDDEKHALLLAGGGHSRIIGPDGGDLVAPLAENEEGILYANLDPGVRILAKMAADPA,C[C@@H](C#N)CCC#N,12.548,True,1
151,EAIKVACVQAAPIYMDLEATVDKTIELMEEAARNNARLIAFPETWIPGYPWFLWLDSPAWAMQFVRQYHENSLELDGPQAKRISDAAKRLGIMVTLGMSERVGGTLYISQWFIGDNGDTIGARRKLKPTFVERTLFGEGDGSSLAVFETSVGRLGGLCCWEHLQPLTKYALYAQNEEIHCAAWPSFSLYPNAAKALGPDVNVAASRIYAVEGQCFVLASCALVSQSMIDMLCTDDEKHALLLAGGGHSRIIGPDGGDLVAPLAENEEGILYANLDPGVRILAKMAADPA,C[C@@H](C#N)c1ccccc1,6.971,True,1
152,EAIKVACVQAAPIYMDLEATVDKTIELMEEAARNNARLIAFPETWIPGYPWFLWLDSPAWAMQFVRQYHENSLELDGPQAKRISDAAKRLGIMVTLGMSERVGGTLYISQWFIGDNGDTIGARRKLKPTFVERTLFGEGDGSSLAVFETSVGRLGGLCCWEHLQPLTKYALYAQNEEIHCAAWPSFSLYPNAAKALGPDVNVAASRIYAVEGQCFVLASCALVSQSMIDMLCTDDEKHALLLAGGGHSRIIGPDGGDLVAPLAENEEGILYANLDPGVRILAKMAADPA,CCCCC#N,1.553,False,0
153,EAIKVACVQAAPIYMDLEATVDKTIELMEEAARNNARLIAFPETWIPGYPWFLWLDSPAWAMQFVRQYHENSLELDGPQAKRISDAAKRLGIMVTLGMSERVGGTLYISQWFIGDNGDTIGARRKLKPTFVERTLFGEGDGSSLAVFETSVGRLGGLCCWEHLQPLTKYALYAQNEEIHCAAWPSFSLYPNAAKALGPDVNVAASRIYAVEGQCFVLASCALVSQSMIDMLCTDDEKHALLLAGGGHSRIIGPDGGDLVAPLAENEEGILYANLDPGVRILAKMAADPA,N#Cc1cccc(C#N)c1,6.334,True,1
154,EAIKVACVQAAPIYMDLEATVDKTIELMEEAARNNARLIAFPETWIPGYPWFLWLDSPAWAMQFVRQYHENSLELDGPQAKRISDAAKRLGIMVTLGMSERVGGTLYISQWFIGDNGDTIGARRKLKPTFVERTLFGEGDGSSLAVFETSVGRLGGLCCWEHLQPLTKYALYAQNEEIHCAAWPSFSLYPNAAKALGPDVNVAASRIYAVEGQCFVLASCALVSQSMIDMLCTDDEKHALLLAGGGHSRIIGPDGGDLVAPLAENEEGILYANLDPGVRILAKMAADPA,N#Cc1ccc(O)cc1,0.0,False,0
155,EAIKVACVQAAPIYMDLEATVDKTIELMEEAARNNARLIAFPETWIPGYPWFLWLDSPAWAMQFVRQYHENSLELDGPQAKRISDAAKRLGIMVTLGMSERVGGTLYISQWFIGDNGDTIGARRKLKPTFVERTLFGEGDGSSLAVFETSVGRLGGLCCWEHLQPLTKYALYAQNEEIHCAAWPSFSLYPNAAKALGPDVNVAASRIYAVEGQCFVLASCALVSQSMIDMLCTDDEKHALLLAGGGHSRIIGPDGGDLVAPLAENEEGILYANLDPGVRILAKMAADPA,CCC#N,0.096,False,0
156,EAIKVACVQAAPIYMDLEATVDKTIELMEEAARNNARLIAFPETWIPGYPWFLWLDSPAWAMQFVRQYHENSLELDGPQAKRISDAAKRLGIMVTLGMSERVGGTLYISQWFIGDNGDTIGARRKLKPTFVERTLFGEGDGSSLAVFETSVGRLGGLCCWEHLQPLTKYALYAQNEEIHCAAWPSFSLYPNAAKALGPDVNVAASRIYAVEGQCFVLASCALVSQSMIDMLCTDDEKHALLLAGGGHSRIIGPDGGDLVAPLAENEEGILYANLDPGVRILAKMAADPA,N#CCC(=O)c1ccccc1,2.791,True,1
157,EAIKVACVQAAPIYMDLEATVDKTIELMEEAARNNARLIAFPETWIPGYPWFLWLDSPAWAMQFVRQYHENSLELDGPQAKRISDAAKRLGIMVTLGMSERVGGTLYISQWFIGDNGDTIGARRKLKPTFVERTLFGEGDGSSLAVFETSVGRLGGLCCWEHLQPLTKYALYAQNEEIHCAAWPSFSLYPNAAKALGPDVNVAASRIYAVEGQCFVLASCALVSQSMIDMLCTDDEKHALLLAGGGHSRIIGPDGGDLVAPLAENEEGILYANLDPGVRILAKMAADPA,N#C[C@H](O)c1ccccc1,4.383,True,1
158,EAIKVACVQAAPIYMDLEATVDKTIELMEEAARNNARLIAFPETWIPGYPWFLWLDSPAWAMQFVRQYHENSLELDGPQAKRISDAAKRLGIMVTLGMSERVGGTLYISQWFIGDNGDTIGARRKLKPTFVERTLFGEGDGSSLAVFETSVGRLGGLCCWEHLQPLTKYALYAQNEEIHCAAWPSFSLYPNAAKALGPDVNVAASRIYAVEGQCFVLASCALVSQSMIDMLCTDDEKHALLLAGGGHSRIIGPDGGDLVAPLAENEEGILYANLDPGVRILAKMAADPA,N#Cc1ccccc1,0.0,False,0
159,EAIKVACVQAAPIYMDLEATVDKTIELMEEAARNNARLIAFPETWIPGYPWFLWLDSPAWAMQFVRQYHENSLELDGPQAKRISDAAKRLGIMVTLGMSERVGGTLYISQWFIGDNGDTIGARRKLKPTFVERTLFGEGDGSSLAVFETSVGRLGGLCCWEHLQPLTKYALYAQNEEIHCAAWPSFSLYPNAAKALGPDVNVAASRIYAVEGQCFVLASCALVSQSMIDMLCTDDEKHALLLAGGGHSRIIGPDGGDLVAPLAENEEGILYANLDPGVRILAKMAADPA,C=CC#N,0.192,False,0
160,TARRLAAVHAAPVFMDTDATIDKVIGFVEQAGREGIELLVFPETFVPGYPYWIECYPPLQQVAANAQYTDASVEVPGPEIKRVQAACARAGVEVVLGVSERLRGTRTCFNSQVFIDADGSLLGVHRKLQPTYVERIVWAQGGGATLSVFGSRSGRIGGLACWEHTMNLARQALLEQEQQIHAAAWPALSTMAGFETVADAQIEAMMKTHALTAQVFVICASNPVDGTCLEWMRDNLGEQKFVTAGGGWSAVIHPFNSFLGGPHTGLEEKLVSATIDFSDIRLVKAWVDSK,N#Cc1ccc(N)cc1,7.854,True,1
161,TARRLAAVHAAPVFMDTDATIDKVIGFVEQAGREGIELLVFPETFVPGYPYWIECYPPLQQVAANAQYTDASVEVPGPEIKRVQAACARAGVEVVLGVSERLRGTRTCFNSQVFIDADGSLLGVHRKLQPTYVERIVWAQGGGATLSVFGSRSGRIGGLACWEHTMNLARQALLEQEQQIHAAAWPALSTMAGFETVADAQIEAMMKTHALTAQVFVICASNPVDGTCLEWMRDNLGEQKFVTAGGGWSAVIHPFNSFLGGPHTGLEEKLVSATIDFSDIRLVKAWVDSK,N#CCc1ccc([N+](=O)[O-])cc1,0.0,False,0
162,TARRLAAVHAAPVFMDTDATIDKVIGFVEQAGREGIELLVFPETFVPGYPYWIECYPPLQQVAANAQYTDASVEVPGPEIKRVQAACARAGVEVVLGVSERLRGTRTCFNSQVFIDADGSLLGVHRKLQPTYVERIVWAQGGGATLSVFGSRSGRIGGLACWEHTMNLARQALLEQEQQIHAAAWPALSTMAGFETVADAQIEAMMKTHALTAQVFVICASNPVDGTCLEWMRDNLGEQKFVTAGGGWSAVIHPFNSFLGGPHTGLEEKLVSATIDFSDIRLVKAWVDSK,CN(C)c1ccc(C#N)cc1,2.491,True,1
163,TARRLAAVHAAPVFMDTDATIDKVIGFVEQAGREGIELLVFPETFVPGYPYWIECYPPLQQVAANAQYTDASVEVPGPEIKRVQAACARAGVEVVLGVSERLRGTRTCFNSQVFIDADGSLLGVHRKLQPTYVERIVWAQGGGATLSVFGSRSGRIGGLACWEHTMNLARQALLEQEQQIHAAAWPALSTMAGFETVADAQIEAMMKTHALTAQVFVICASNPVDGTCLEWMRDNLGEQKFVTAGGGWSAVIHPFNSFLGGPHTGLEEKLVSATIDFSDIRLVKAWVDSK,N#Cc1ccc(Cl)cc1,2.641,True,1
164,TARRLAAVHAAPVFMDTDATIDKVIGFVEQAGREGIELLVFPETFVPGYPYWIECYPPLQQVAANAQYTDASVEVPGPEIKRVQAACARAGVEVVLGVSERLRGTRTCFNSQVFIDADGSLLGVHRKLQPTYVERIVWAQGGGATLSVFGSRSGRIGGLACWEHTMNLARQALLEQEQQIHAAAWPALSTMAGFETVADAQIEAMMKTHALTAQVFVICASNPVDGTCLEWMRDNLGEQKFVTAGGGWSAVIHPFNSFLGGPHTGLEEKLVSATIDFSDIRLVKAWVDSK,N#Cc1c(Cl)cccc1Cl,0.0,False,0
165,TARRLAAVHAAPVFMDTDATIDKVIGFVEQAGREGIELLVFPETFVPGYPYWIECYPPLQQVAANAQYTDASVEVPGPEIKRVQAACARAGVEVVLGVSERLRGTRTCFNSQVFIDADGSLLGVHRKLQPTYVERIVWAQGGGATLSVFGSRSGRIGGLACWEHTMNLARQALLEQEQQIHAAAWPALSTMAGFETVADAQIEAMMKTHALTAQVFVICASNPVDGTCLEWMRDNLGEQKFVTAGGGWSAVIHPFNSFLGGPHTGLEEKLVSATIDFSDIRLVKAWVDSK,N#Cc1ccccc1N,0.0,False,0
166,TARRLAAVHAAPVFMDTDATIDKVIGFVEQAGREGIELLVFPETFVPGYPYWIECYPPLQQVAANAQYTDASVEVPGPEIKRVQAACARAGVEVVLGVSERLRGTRTCFNSQVFIDADGSLLGVHRKLQPTYVERIVWAQGGGATLSVFGSRSGRIGGLACWEHTMNLARQALLEQEQQIHAAAWPALSTMAGFETVADAQIEAMMKTHALTAQVFVICASNPVDGTCLEWMRDNLGEQKFVTAGGGWSAVIHPFNSFLGGPHTGLEEKLVSATIDFSDIRLVKAWVDSK,COc1ccc(C#N)cc1,5.929,True,1
167,TARRLAAVHAAPVFMDTDATIDKVIGFVEQAGREGIELLVFPETFVPGYPYWIECYPPLQQVAANAQYTDASVEVPGPEIKRVQAACARAGVEVVLGVSERLRGTRTCFNSQVFIDADGSLLGVHRKLQPTYVERIVWAQGGGATLSVFGSRSGRIGGLACWEHTMNLARQALLEQEQQIHAAAWPALSTMAGFETVADAQIEAMMKTHALTAQVFVICASNPVDGTCLEWMRDNLGEQKFVTAGGGWSAVIHPFNSFLGGPHTGLEEKLVSATIDFSDIRLVKAWVDSK,N#C/C=C/c1ccccc1,3.242,True,1
168,TARRLAAVHAAPVFMDTDATIDKVIGFVEQAGREGIELLVFPETFVPGYPYWIECYPPLQQVAANAQYTDASVEVPGPEIKRVQAACARAGVEVVLGVSERLRGTRTCFNSQVFIDADGSLLGVHRKLQPTYVERIVWAQGGGATLSVFGSRSGRIGGLACWEHTMNLARQALLEQEQQIHAAAWPALSTMAGFETVADAQIEAMMKTHALTAQVFVICASNPVDGTCLEWMRDNLGEQKFVTAGGGWSAVIHPFNSFLGGPHTGLEEKLVSATIDFSDIRLVKAWVDSK,N#CCCc1ccccc1,2.905,True,1
169,TARRLAAVHAAPVFMDTDATIDKVIGFVEQAGREGIELLVFPETFVPGYPYWIECYPPLQQVAANAQYTDASVEVPGPEIKRVQAACARAGVEVVLGVSERLRGTRTCFNSQVFIDADGSLLGVHRKLQPTYVERIVWAQGGGATLSVFGSRSGRIGGLACWEHTMNLARQALLEQEQQIHAAAWPALSTMAGFETVADAQIEAMMKTHALTAQVFVICASNPVDGTCLEWMRDNLGEQKFVTAGGGWSAVIHPFNSFLGGPHTGLEEKLVSATIDFSDIRLVKAWVDSK,N#CC1CCCCC1,0.0,False,0
170,TARRLAAVHAAPVFMDTDATIDKVIGFVEQAGREGIELLVFPETFVPGYPYWIECYPPLQQVAANAQYTDASVEVPGPEIKRVQAACARAGVEVVLGVSERLRGTRTCFNSQVFIDADGSLLGVHRKLQPTYVERIVWAQGGGATLSVFGSRSGRIGGLACWEHTMNLARQALLEQEQQIHAAAWPALSTMAGFETVADAQIEAMMKTHALTAQVFVICASNPVDGTCLEWMRDNLGEQKFVTAGGGWSAVIHPFNSFLGGPHTGLEEKLVSATIDFSDIRLVKAWVDSK,C[C@@H](C#N)CCC#N,11.588,True,1
171,TARRLAAVHAAPVFMDTDATIDKVIGFVEQAGREGIELLVFPETFVPGYPYWIECYPPLQQVAANAQYTDASVEVPGPEIKRVQAACARAGVEVVLGVSERLRGTRTCFNSQVFIDADGSLLGVHRKLQPTYVERIVWAQGGGATLSVFGSRSGRIGGLACWEHTMNLARQALLEQEQQIHAAAWPALSTMAGFETVADAQIEAMMKTHALTAQVFVICASNPVDGTCLEWMRDNLGEQKFVTAGGGWSAVIHPFNSFLGGPHTGLEEKLVSATIDFSDIRLVKAWVDSK,C[C@@H](C#N)c1ccccc1,0.0,False,0
172,TARRLAAVHAAPVFMDTDATIDKVIGFVEQAGREGIELLVFPETFVPGYPYWIECYPPLQQVAANAQYTDASVEVPGPEIKRVQAACARAGVEVVLGVSERLRGTRTCFNSQVFIDADGSLLGVHRKLQPTYVERIVWAQGGGATLSVFGSRSGRIGGLACWEHTMNLARQALLEQEQQIHAAAWPALSTMAGFETVADAQIEAMMKTHALTAQVFVICASNPVDGTCLEWMRDNLGEQKFVTAGGGWSAVIHPFNSFLGGPHTGLEEKLVSATIDFSDIRLVKAWVDSK,CCCCC#N,0.0,False,0
173,TARRLAAVHAAPVFMDTDATIDKVIGFVEQAGREGIELLVFPETFVPGYPYWIECYPPLQQVAANAQYTDASVEVPGPEIKRVQAACARAGVEVVLGVSERLRGTRTCFNSQVFIDADGSLLGVHRKLQPTYVERIVWAQGGGATLSVFGSRSGRIGGLACWEHTMNLARQALLEQEQQIHAAAWPALSTMAGFETVADAQIEAMMKTHALTAQVFVICASNPVDGTCLEWMRDNLGEQKFVTAGGGWSAVIHPFNSFLGGPHTGLEEKLVSATIDFSDIRLVKAWVDSK,N#Cc1cccc(C#N)c1,8.471,True,1
174,TARRLAAVHAAPVFMDTDATIDKVIGFVEQAGREGIELLVFPETFVPGYPYWIECYPPLQQVAANAQYTDASVEVPGPEIKRVQAACARAGVEVVLGVSERLRGTRTCFNSQVFIDADGSLLGVHRKLQPTYVERIVWAQGGGATLSVFGSRSGRIGGLACWEHTMNLARQALLEQEQQIHAAAWPALSTMAGFETVADAQIEAMMKTHALTAQVFVICASNPVDGTCLEWMRDNLGEQKFVTAGGGWSAVIHPFNSFLGGPHTGLEEKLVSATIDFSDIRLVKAWVDSK,N#Cc1ccc(O)cc1,0.901,False,0
175,TARRLAAVHAAPVFMDTDATIDKVIGFVEQAGREGIELLVFPETFVPGYPYWIECYPPLQQVAANAQYTDASVEVPGPEIKRVQAACARAGVEVVLGVSERLRGTRTCFNSQVFIDADGSLLGVHRKLQPTYVERIVWAQGGGATLSVFGSRSGRIGGLACWEHTMNLARQALLEQEQQIHAAAWPALSTMAGFETVADAQIEAMMKTHALTAQVFVICASNPVDGTCLEWMRDNLGEQKFVTAGGGWSAVIHPFNSFLGGPHTGLEEKLVSATIDFSDIRLVKAWVDSK,CCC#N,0.0,False,0
176,TARRLAAVHAAPVFMDTDATIDKVIGFVEQAGREGIELLVFPETFVPGYPYWIECYPPLQQVAANAQYTDASVEVPGPEIKRVQAACARAGVEVVLGVSERLRGTRTCFNSQVFIDADGSLLGVHRKLQPTYVERIVWAQGGGATLSVFGSRSGRIGGLACWEHTMNLARQALLEQEQQIHAAAWPALSTMAGFETVADAQIEAMMKTHALTAQVFVICASNPVDGTCLEWMRDNLGEQKFVTAGGGWSAVIHPFNSFLGGPHTGLEEKLVSATIDFSDIRLVKAWVDSK,N#CCC(=O)c1ccccc1,0.0,False,0
177,TARRLAAVHAAPVFMDTDATIDKVIGFVEQAGREGIELLVFPETFVPGYPYWIECYPPLQQVAANAQYTDASVEVPGPEIKRVQAACARAGVEVVLGVSERLRGTRTCFNSQVFIDADGSLLGVHRKLQPTYVERIVWAQGGGATLSVFGSRSGRIGGLACWEHTMNLARQALLEQEQQIHAAAWPALSTMAGFETVADAQIEAMMKTHALTAQVFVICASNPVDGTCLEWMRDNLGEQKFVTAGGGWSAVIHPFNSFLGGPHTGLEEKLVSATIDFSDIRLVKAWVDSK,N#C[C@H](O)c1ccccc1,0.0,False,0
178,TARRLAAVHAAPVFMDTDATIDKVIGFVEQAGREGIELLVFPETFVPGYPYWIECYPPLQQVAANAQYTDASVEVPGPEIKRVQAACARAGVEVVLGVSERLRGTRTCFNSQVFIDADGSLLGVHRKLQPTYVERIVWAQGGGATLSVFGSRSGRIGGLACWEHTMNLARQALLEQEQQIHAAAWPALSTMAGFETVADAQIEAMMKTHALTAQVFVICASNPVDGTCLEWMRDNLGEQKFVTAGGGWSAVIHPFNSFLGGPHTGLEEKLVSATIDFSDIRLVKAWVDSK,N#Cc1ccccc1,0.0,False,0
179,TARRLAAVHAAPVFMDTDATIDKVIGFVEQAGREGIELLVFPETFVPGYPYWIECYPPLQQVAANAQYTDASVEVPGPEIKRVQAACARAGVEVVLGVSERLRGTRTCFNSQVFIDADGSLLGVHRKLQPTYVERIVWAQGGGATLSVFGSRSGRIGGLACWEHTMNLARQALLEQEQQIHAAAWPALSTMAGFETVADAQIEAMMKTHALTAQVFVICASNPVDGTCLEWMRDNLGEQKFVTAGGGWSAVIHPFNSFLGGPHTGLEEKLVSATIDFSDIRLVKAWVDSK,C=CC#N,0.0,False,0
180,IMLNYTKNIRAAAAQISPVLFSQQGTMEKVLDAIANAAKKGVELIVFPETFVPYYPYFSFVEPPVLMGKSHLKLYQEAVTVPGKVTQAIAQAAKTHGMVVVLGVNEREEGSLYNTQLIFDADGALVLKRRKITPTYHERMVWGQGDGAGLRTVDTTVGRLGALACWEHYNPLARYALMAQHEQIHCGQFPGSMVGQIFADQMEVTMRHHALESGCFVINATGWLTAEQKLQITTDEKMHQALSGGCYTAIISPEGKHLCEPIAEGEGLAIADLDFSLIAKRKRMMDS,N#Cc1ccc(N)cc1,0.836,False,0
181,IMLNYTKNIRAAAAQISPVLFSQQGTMEKVLDAIANAAKKGVELIVFPETFVPYYPYFSFVEPPVLMGKSHLKLYQEAVTVPGKVTQAIAQAAKTHGMVVVLGVNEREEGSLYNTQLIFDADGALVLKRRKITPTYHERMVWGQGDGAGLRTVDTTVGRLGALACWEHYNPLARYALMAQHEQIHCGQFPGSMVGQIFADQMEVTMRHHALESGCFVINATGWLTAEQKLQITTDEKMHQALSGGCYTAIISPEGKHLCEPIAEGEGLAIADLDFSLIAKRKRMMDS,N#CCc1ccc([N+](=O)[O-])cc1,0.0,False,0
182,IMLNYTKNIRAAAAQISPVLFSQQGTMEKVLDAIANAAKKGVELIVFPETFVPYYPYFSFVEPPVLMGKSHLKLYQEAVTVPGKVTQAIAQAAKTHGMVVVLGVNEREEGSLYNTQLIFDADGALVLKRRKITPTYHERMVWGQGDGAGLRTVDTTVGRLGALACWEHYNPLARYALMAQHEQIHCGQFPGSMVGQIFADQMEVTMRHHALESGCFVINATGWLTAEQKLQITTDEKMHQALSGGCYTAIISPEGKHLCEPIAEGEGLAIADLDFSLIAKRKRMMDS,CN(C)c1ccc(C#N)cc1,5.745,True,1
183,IMLNYTKNIRAAAAQISPVLFSQQGTMEKVLDAIANAAKKGVELIVFPETFVPYYPYFSFVEPPVLMGKSHLKLYQEAVTVPGKVTQAIAQAAKTHGMVVVLGVNEREEGSLYNTQLIFDADGALVLKRRKITPTYHERMVWGQGDGAGLRTVDTTVGRLGALACWEHYNPLARYALMAQHEQIHCGQFPGSMVGQIFADQMEVTMRHHALESGCFVINATGWLTAEQKLQITTDEKMHQALSGGCYTAIISPEGKHLCEPIAEGEGLAIADLDFSLIAKRKRMMDS,N#Cc1ccc(Cl)cc1,4.346,True,1
184,IMLNYTKNIRAAAAQISPVLFSQQGTMEKVLDAIANAAKKGVELIVFPETFVPYYPYFSFVEPPVLMGKSHLKLYQEAVTVPGKVTQAIAQAAKTHGMVVVLGVNEREEGSLYNTQLIFDADGALVLKRRKITPTYHERMVWGQGDGAGLRTVDTTVGRLGALACWEHYNPLARYALMAQHEQIHCGQFPGSMVGQIFADQMEVTMRHHALESGCFVINATGWLTAEQKLQITTDEKMHQALSGGCYTAIISPEGKHLCEPIAEGEGLAIADLDFSLIAKRKRMMDS,N#Cc1c(Cl)cccc1Cl,0.115,False,0
185,IMLNYTKNIRAAAAQISPVLFSQQGTMEKVLDAIANAAKKGVELIVFPETFVPYYPYFSFVEPPVLMGKSHLKLYQEAVTVPGKVTQAIAQAAKTHGMVVVLGVNEREEGSLYNTQLIFDADGALVLKRRKITPTYHERMVWGQGDGAGLRTVDTTVGRLGALACWEHYNPLARYALMAQHEQIHCGQFPGSMVGQIFADQMEVTMRHHALESGCFVINATGWLTAEQKLQITTDEKMHQALSGGCYTAIISPEGKHLCEPIAEGEGLAIADLDFSLIAKRKRMMDS,N#Cc1ccccc1N,0.122,False,0
186,IMLNYTKNIRAAAAQISPVLFSQQGTMEKVLDAIANAAKKGVELIVFPETFVPYYPYFSFVEPPVLMGKSHLKLYQEAVTVPGKVTQAIAQAAKTHGMVVVLGVNEREEGSLYNTQLIFDADGALVLKRRKITPTYHERMVWGQGDGAGLRTVDTTVGRLGALACWEHYNPLARYALMAQHEQIHCGQFPGSMVGQIFADQMEVTMRHHALESGCFVINATGWLTAEQKLQITTDEKMHQALSGGCYTAIISPEGKHLCEPIAEGEGLAIADLDFSLIAKRKRMMDS,COc1ccc(C#N)cc1,6.738,True,1
187,IMLNYTKNIRAAAAQISPVLFSQQGTMEKVLDAIANAAKKGVELIVFPETFVPYYPYFSFVEPPVLMGKSHLKLYQEAVTVPGKVTQAIAQAAKTHGMVVVLGVNEREEGSLYNTQLIFDADGALVLKRRKITPTYHERMVWGQGDGAGLRTVDTTVGRLGALACWEHYNPLARYALMAQHEQIHCGQFPGSMVGQIFADQMEVTMRHHALESGCFVINATGWLTAEQKLQITTDEKMHQALSGGCYTAIISPEGKHLCEPIAEGEGLAIADLDFSLIAKRKRMMDS,N#C/C=C/c1ccccc1,6.724,True,1
188,IMLNYTKNIRAAAAQISPVLFSQQGTMEKVLDAIANAAKKGVELIVFPETFVPYYPYFSFVEPPVLMGKSHLKLYQEAVTVPGKVTQAIAQAAKTHGMVVVLGVNEREEGSLYNTQLIFDADGALVLKRRKITPTYHERMVWGQGDGAGLRTVDTTVGRLGALACWEHYNPLARYALMAQHEQIHCGQFPGSMVGQIFADQMEVTMRHHALESGCFVINATGWLTAEQKLQITTDEKMHQALSGGCYTAIISPEGKHLCEPIAEGEGLAIADLDFSLIAKRKRMMDS,N#CCCc1ccccc1,5.151,True,1
189,IMLNYTKNIRAAAAQISPVLFSQQGTMEKVLDAIANAAKKGVELIVFPETFVPYYPYFSFVEPPVLMGKSHLKLYQEAVTVPGKVTQAIAQAAKTHGMVVVLGVNEREEGSLYNTQLIFDADGALVLKRRKITPTYHERMVWGQGDGAGLRTVDTTVGRLGALACWEHYNPLARYALMAQHEQIHCGQFPGSMVGQIFADQMEVTMRHHALESGCFVINATGWLTAEQKLQITTDEKMHQALSGGCYTAIISPEGKHLCEPIAEGEGLAIADLDFSLIAKRKRMMDS,N#CC1CCCCC1,0.14,False,0
190,IMLNYTKNIRAAAAQISPVLFSQQGTMEKVLDAIANAAKKGVELIVFPETFVPYYPYFSFVEPPVLMGKSHLKLYQEAVTVPGKVTQAIAQAAKTHGMVVVLGVNEREEGSLYNTQLIFDADGALVLKRRKITPTYHERMVWGQGDGAGLRTVDTTVGRLGALACWEHYNPLARYALMAQHEQIHCGQFPGSMVGQIFADQMEVTMRHHALESGCFVINATGWLTAEQKLQITTDEKMHQALSGGCYTAIISPEGKHLCEPIAEGEGLAIADLDFSLIAKRKRMMDS,C[C@@H](C#N)CCC#N,4.152,True,1
191,IMLNYTKNIRAAAAQISPVLFSQQGTMEKVLDAIANAAKKGVELIVFPETFVPYYPYFSFVEPPVLMGKSHLKLYQEAVTVPGKVTQAIAQAAKTHGMVVVLGVNEREEGSLYNTQLIFDADGALVLKRRKITPTYHERMVWGQGDGAGLRTVDTTVGRLGALACWEHYNPLARYALMAQHEQIHCGQFPGSMVGQIFADQMEVTMRHHALESGCFVINATGWLTAEQKLQITTDEKMHQALSGGCYTAIISPEGKHLCEPIAEGEGLAIADLDFSLIAKRKRMMDS,C[C@@H](C#N)c1ccccc1,0.0,False,0
192,IMLNYTKNIRAAAAQISPVLFSQQGTMEKVLDAIANAAKKGVELIVFPETFVPYYPYFSFVEPPVLMGKSHLKLYQEAVTVPGKVTQAIAQAAKTHGMVVVLGVNEREEGSLYNTQLIFDADGALVLKRRKITPTYHERMVWGQGDGAGLRTVDTTVGRLGALACWEHYNPLARYALMAQHEQIHCGQFPGSMVGQIFADQMEVTMRHHALESGCFVINATGWLTAEQKLQITTDEKMHQALSGGCYTAIISPEGKHLCEPIAEGEGLAIADLDFSLIAKRKRMMDS,CCCCC#N,0.652,False,0
193,IMLNYTKNIRAAAAQISPVLFSQQGTMEKVLDAIANAAKKGVELIVFPETFVPYYPYFSFVEPPVLMGKSHLKLYQEAVTVPGKVTQAIAQAAKTHGMVVVLGVNEREEGSLYNTQLIFDADGALVLKRRKITPTYHERMVWGQGDGAGLRTVDTTVGRLGALACWEHYNPLARYALMAQHEQIHCGQFPGSMVGQIFADQMEVTMRHHALESGCFVINATGWLTAEQKLQITTDEKMHQALSGGCYTAIISPEGKHLCEPIAEGEGLAIADLDFSLIAKRKRMMDS,N#Cc1cccc(C#N)c1,4.219,True,1
194,IMLNYTKNIRAAAAQISPVLFSQQGTMEKVLDAIANAAKKGVELIVFPETFVPYYPYFSFVEPPVLMGKSHLKLYQEAVTVPGKVTQAIAQAAKTHGMVVVLGVNEREEGSLYNTQLIFDADGALVLKRRKITPTYHERMVWGQGDGAGLRTVDTTVGRLGALACWEHYNPLARYALMAQHEQIHCGQFPGSMVGQIFADQMEVTMRHHALESGCFVINATGWLTAEQKLQITTDEKMHQALSGGCYTAIISPEGKHLCEPIAEGEGLAIADLDFSLIAKRKRMMDS,N#Cc1ccc(O)cc1,1.687,False,0
195,IMLNYTKNIRAAAAQISPVLFSQQGTMEKVLDAIANAAKKGVELIVFPETFVPYYPYFSFVEPPVLMGKSHLKLYQEAVTVPGKVTQAIAQAAKTHGMVVVLGVNEREEGSLYNTQLIFDADGALVLKRRKITPTYHERMVWGQGDGAGLRTVDTTVGRLGALACWEHYNPLARYALMAQHEQIHCGQFPGSMVGQIFADQMEVTMRHHALESGCFVINATGWLTAEQKLQITTDEKMHQALSGGCYTAIISPEGKHLCEPIAEGEGLAIADLDFSLIAKRKRMMDS,CCC#N,0.14,False,0
196,IMLNYTKNIRAAAAQISPVLFSQQGTMEKVLDAIANAAKKGVELIVFPETFVPYYPYFSFVEPPVLMGKSHLKLYQEAVTVPGKVTQAIAQAAKTHGMVVVLGVNEREEGSLYNTQLIFDADGALVLKRRKITPTYHERMVWGQGDGAGLRTVDTTVGRLGALACWEHYNPLARYALMAQHEQIHCGQFPGSMVGQIFADQMEVTMRHHALESGCFVINATGWLTAEQKLQITTDEKMHQALSGGCYTAIISPEGKHLCEPIAEGEGLAIADLDFSLIAKRKRMMDS,N#CCC(=O)c1ccccc1,2.564,True,1
197,IMLNYTKNIRAAAAQISPVLFSQQGTMEKVLDAIANAAKKGVELIVFPETFVPYYPYFSFVEPPVLMGKSHLKLYQEAVTVPGKVTQAIAQAAKTHGMVVVLGVNEREEGSLYNTQLIFDADGALVLKRRKITPTYHERMVWGQGDGAGLRTVDTTVGRLGALACWEHYNPLARYALMAQHEQIHCGQFPGSMVGQIFADQMEVTMRHHALESGCFVINATGWLTAEQKLQITTDEKMHQALSGGCYTAIISPEGKHLCEPIAEGEGLAIADLDFSLIAKRKRMMDS,N#C[C@H](O)c1ccccc1,0.0,False,0
198,IMLNYTKNIRAAAAQISPVLFSQQGTMEKVLDAIANAAKKGVELIVFPETFVPYYPYFSFVEPPVLMGKSHLKLYQEAVTVPGKVTQAIAQAAKTHGMVVVLGVNEREEGSLYNTQLIFDADGALVLKRRKITPTYHERMVWGQGDGAGLRTVDTTVGRLGALACWEHYNPLARYALMAQHEQIHCGQFPGSMVGQIFADQMEVTMRHHALESGCFVINATGWLTAEQKLQITTDEKMHQALSGGCYTAIISPEGKHLCEPIAEGEGLAIADLDFSLIAKRKRMMDS,N#Cc1ccccc1,0.0,False,0
199,IMLNYTKNIRAAAAQISPVLFSQQGTMEKVLDAIANAAKKGVELIVFPETFVPYYPYFSFVEPPVLMGKSHLKLYQEAVTVPGKVTQAIAQAAKTHGMVVVLGVNEREEGSLYNTQLIFDADGALVLKRRKITPTYHERMVWGQGDGAGLRTVDTTVGRLGALACWEHYNPLARYALMAQHEQIHCGQFPGSMVGQIFADQMEVTMRHHALESGCFVINATGWLTAEQKLQITTDEKMHQALSGGCYTAIISPEGKHLCEPIAEGEGLAIADLDFSLIAKRKRMMDS,C=CC#N,0.084,False,0
200,MAIIRAAAVQISPVLYSREGTVEKVCQQIIALGRQGVQFAVFPETVVPYYPYFSFVQPPFAMGAQHLKLLDQSVTVPSAATLAIGEACKQVGIVVSIGVNERDGGTIYNAQLLFDADGSLIQHRRKITPTYHERMVWGQGDGSGLRAIDSAVGRIGSLACWEHYNPLARYALMADGEQIHAAMFPGSLVGDIFAEQIEVTIRHHALESGCFVVNATAWLDADQQGQIMQDTGCGLGPISGGCFTAIVSPEGKLLGEPLRSGEGVVIADLDLALIDKRKRMMDSV,N#Cc1ccc(N)cc1,2.87,True,1
201,MAIIRAAAVQISPVLYSREGTVEKVCQQIIALGRQGVQFAVFPETVVPYYPYFSFVQPPFAMGAQHLKLLDQSVTVPSAATLAIGEACKQVGIVVSIGVNERDGGTIYNAQLLFDADGSLIQHRRKITPTYHERMVWGQGDGSGLRAIDSAVGRIGSLACWEHYNPLARYALMADGEQIHAAMFPGSLVGDIFAEQIEVTIRHHALESGCFVVNATAWLDADQQGQIMQDTGCGLGPISGGCFTAIVSPEGKLLGEPLRSGEGVVIADLDLALIDKRKRMMDSV,N#CCc1ccc([N+](=O)[O-])cc1,0.0,False,0
202,MAIIRAAAVQISPVLYSREGTVEKVCQQIIALGRQGVQFAVFPETVVPYYPYFSFVQPPFAMGAQHLKLLDQSVTVPSAATLAIGEACKQVGIVVSIGVNERDGGTIYNAQLLFDADGSLIQHRRKITPTYHERMVWGQGDGSGLRAIDSAVGRIGSLACWEHYNPLARYALMADGEQIHAAMFPGSLVGDIFAEQIEVTIRHHALESGCFVVNATAWLDADQQGQIMQDTGCGLGPISGGCFTAIVSPEGKLLGEPLRSGEGVVIADLDLALIDKRKRMMDSV,CN(C)c1ccc(C#N)cc1,3.793,True,1
203,MAIIRAAAVQISPVLYSREGTVEKVCQQIIALGRQGVQFAVFPETVVPYYPYFSFVQPPFAMGAQHLKLLDQSVTVPSAATLAIGEACKQVGIVVSIGVNERDGGTIYNAQLLFDADGSLIQHRRKITPTYHERMVWGQGDGSGLRAIDSAVGRIGSLACWEHYNPLARYALMADGEQIHAAMFPGSLVGDIFAEQIEVTIRHHALESGCFVVNATAWLDADQQGQIMQDTGCGLGPISGGCFTAIVSPEGKLLGEPLRSGEGVVIADLDLALIDKRKRMMDSV,N#Cc1ccc(Cl)cc1,0.54,False,0
204,MAIIRAAAVQISPVLYSREGTVEKVCQQIIALGRQGVQFAVFPETVVPYYPYFSFVQPPFAMGAQHLKLLDQSVTVPSAATLAIGEACKQVGIVVSIGVNERDGGTIYNAQLLFDADGSLIQHRRKITPTYHERMVWGQGDGSGLRAIDSAVGRIGSLACWEHYNPLARYALMADGEQIHAAMFPGSLVGDIFAEQIEVTIRHHALESGCFVVNATAWLDADQQGQIMQDTGCGLGPISGGCFTAIVSPEGKLLGEPLRSGEGVVIADLDLALIDKRKRMMDSV,N#Cc1c(Cl)cccc1Cl,0.0,False,0
205,MAIIRAAAVQISPVLYSREGTVEKVCQQIIALGRQGVQFAVFPETVVPYYPYFSFVQPPFAMGAQHLKLLDQSVTVPSAATLAIGEACKQVGIVVSIGVNERDGGTIYNAQLLFDADGSLIQHRRKITPTYHERMVWGQGDGSGLRAIDSAVGRIGSLACWEHYNPLARYALMADGEQIHAAMFPGSLVGDIFAEQIEVTIRHHALESGCFVVNATAWLDADQQGQIMQDTGCGLGPISGGCFTAIVSPEGKLLGEPLRSGEGVVIADLDLALIDKRKRMMDSV,N#Cc1ccccc1N,0.0,False,0
206,MAIIRAAAVQISPVLYSREGTVEKVCQQIIALGRQGVQFAVFPETVVPYYPYFSFVQPPFAMGAQHLKLLDQSVTVPSAATLAIGEACKQVGIVVSIGVNERDGGTIYNAQLLFDADGSLIQHRRKITPTYHERMVWGQGDGSGLRAIDSAVGRIGSLACWEHYNPLARYALMADGEQIHAAMFPGSLVGDIFAEQIEVTIRHHALESGCFVVNATAWLDADQQGQIMQDTGCGLGPISGGCFTAIVSPEGKLLGEPLRSGEGVVIADLDLALIDKRKRMMDSV,COc1ccc(C#N)cc1,3.014,True,1
207,MAIIRAAAVQISPVLYSREGTVEKVCQQIIALGRQGVQFAVFPETVVPYYPYFSFVQPPFAMGAQHLKLLDQSVTVPSAATLAIGEACKQVGIVVSIGVNERDGGTIYNAQLLFDADGSLIQHRRKITPTYHERMVWGQGDGSGLRAIDSAVGRIGSLACWEHYNPLARYALMADGEQIHAAMFPGSLVGDIFAEQIEVTIRHHALESGCFVVNATAWLDADQQGQIMQDTGCGLGPISGGCFTAIVSPEGKLLGEPLRSGEGVVIADLDLALIDKRKRMMDSV,N#C/C=C/c1ccccc1,3.985,True,1
208,MAIIRAAAVQISPVLYSREGTVEKVCQQIIALGRQGVQFAVFPETVVPYYPYFSFVQPPFAMGAQHLKLLDQSVTVPSAATLAIGEACKQVGIVVSIGVNERDGGTIYNAQLLFDADGSLIQHRRKITPTYHERMVWGQGDGSGLRAIDSAVGRIGSLACWEHYNPLARYALMADGEQIHAAMFPGSLVGDIFAEQIEVTIRHHALESGCFVVNATAWLDADQQGQIMQDTGCGLGPISGGCFTAIVSPEGKLLGEPLRSGEGVVIADLDLALIDKRKRMMDSV,N#CCCc1ccccc1,1.639,False,0
209,MAIIRAAAVQISPVLYSREGTVEKVCQQIIALGRQGVQFAVFPETVVPYYPYFSFVQPPFAMGAQHLKLLDQSVTVPSAATLAIGEACKQVGIVVSIGVNERDGGTIYNAQLLFDADGSLIQHRRKITPTYHERMVWGQGDGSGLRAIDSAVGRIGSLACWEHYNPLARYALMADGEQIHAAMFPGSLVGDIFAEQIEVTIRHHALESGCFVVNATAWLDADQQGQIMQDTGCGLGPISGGCFTAIVSPEGKLLGEPLRSGEGVVIADLDLALIDKRKRMMDSV,N#CC1CCCCC1,0.092,False,0
210,MAIIRAAAVQISPVLYSREGTVEKVCQQIIALGRQGVQFAVFPETVVPYYPYFSFVQPPFAMGAQHLKLLDQSVTVPSAATLAIGEACKQVGIVVSIGVNERDGGTIYNAQLLFDADGSLIQHRRKITPTYHERMVWGQGDGSGLRAIDSAVGRIGSLACWEHYNPLARYALMADGEQIHAAMFPGSLVGDIFAEQIEVTIRHHALESGCFVVNATAWLDADQQGQIMQDTGCGLGPISGGCFTAIVSPEGKLLGEPLRSGEGVVIADLDLALIDKRKRMMDSV,C[C@@H](C#N)CCC#N,7.609,True,1
211,MAIIRAAAVQISPVLYSREGTVEKVCQQIIALGRQGVQFAVFPETVVPYYPYFSFVQPPFAMGAQHLKLLDQSVTVPSAATLAIGEACKQVGIVVSIGVNERDGGTIYNAQLLFDADGSLIQHRRKITPTYHERMVWGQGDGSGLRAIDSAVGRIGSLACWEHYNPLARYALMADGEQIHAAMFPGSLVGDIFAEQIEVTIRHHALESGCFVVNATAWLDADQQGQIMQDTGCGLGPISGGCFTAIVSPEGKLLGEPLRSGEGVVIADLDLALIDKRKRMMDSV,C[C@@H](C#N)c1ccccc1,0.0,False,0
212,MAIIRAAAVQISPVLYSREGTVEKVCQQIIALGRQGVQFAVFPETVVPYYPYFSFVQPPFAMGAQHLKLLDQSVTVPSAATLAIGEACKQVGIVVSIGVNERDGGTIYNAQLLFDADGSLIQHRRKITPTYHERMVWGQGDGSGLRAIDSAVGRIGSLACWEHYNPLARYALMADGEQIHAAMFPGSLVGDIFAEQIEVTIRHHALESGCFVVNATAWLDADQQGQIMQDTGCGLGPISGGCFTAIVSPEGKLLGEPLRSGEGVVIADLDLALIDKRKRMMDSV,CCCCC#N,0.0,False,0
213,MAIIRAAAVQISPVLYSREGTVEKVCQQIIALGRQGVQFAVFPETVVPYYPYFSFVQPPFAMGAQHLKLLDQSVTVPSAATLAIGEACKQVGIVVSIGVNERDGGTIYNAQLLFDADGSLIQHRRKITPTYHERMVWGQGDGSGLRAIDSAVGRIGSLACWEHYNPLARYALMADGEQIHAAMFPGSLVGDIFAEQIEVTIRHHALESGCFVVNATAWLDADQQGQIMQDTGCGLGPISGGCFTAIVSPEGKLLGEPLRSGEGVVIADLDLALIDKRKRMMDSV,N#Cc1cccc(C#N)c1,3.07,True,1
214,MAIIRAAAVQISPVLYSREGTVEKVCQQIIALGRQGVQFAVFPETVVPYYPYFSFVQPPFAMGAQHLKLLDQSVTVPSAATLAIGEACKQVGIVVSIGVNERDGGTIYNAQLLFDADGSLIQHRRKITPTYHERMVWGQGDGSGLRAIDSAVGRIGSLACWEHYNPLARYALMADGEQIHAAMFPGSLVGDIFAEQIEVTIRHHALESGCFVVNATAWLDADQQGQIMQDTGCGLGPISGGCFTAIVSPEGKLLGEPLRSGEGVVIADLDLALIDKRKRMMDSV,N#Cc1ccc(O)cc1,1.081,False,0
215,MAIIRAAAVQISPVLYSREGTVEKVCQQIIALGRQGVQFAVFPETVVPYYPYFSFVQPPFAMGAQHLKLLDQSVTVPSAATLAIGEACKQVGIVVSIGVNERDGGTIYNAQLLFDADGSLIQHRRKITPTYHERMVWGQGDGSGLRAIDSAVGRIGSLACWEHYNPLARYALMADGEQIHAAMFPGSLVGDIFAEQIEVTIRHHALESGCFVVNATAWLDADQQGQIMQDTGCGLGPISGGCFTAIVSPEGKLLGEPLRSGEGVVIADLDLALIDKRKRMMDSV,CCC#N,0.0,False,0
216,MAIIRAAAVQISPVLYSREGTVEKVCQQIIALGRQGVQFAVFPETVVPYYPYFSFVQPPFAMGAQHLKLLDQSVTVPSAATLAIGEACKQVGIVVSIGVNERDGGTIYNAQLLFDADGSLIQHRRKITPTYHERMVWGQGDGSGLRAIDSAVGRIGSLACWEHYNPLARYALMADGEQIHAAMFPGSLVGDIFAEQIEVTIRHHALESGCFVVNATAWLDADQQGQIMQDTGCGLGPISGGCFTAIVSPEGKLLGEPLRSGEGVVIADLDLALIDKRKRMMDSV,N#CCC(=O)c1ccccc1,0.433,False,0
217,MAIIRAAAVQISPVLYSREGTVEKVCQQIIALGRQGVQFAVFPETVVPYYPYFSFVQPPFAMGAQHLKLLDQSVTVPSAATLAIGEACKQVGIVVSIGVNERDGGTIYNAQLLFDADGSLIQHRRKITPTYHERMVWGQGDGSGLRAIDSAVGRIGSLACWEHYNPLARYALMADGEQIHAAMFPGSLVGDIFAEQIEVTIRHHALESGCFVVNATAWLDADQQGQIMQDTGCGLGPISGGCFTAIVSPEGKLLGEPLRSGEGVVIADLDLALIDKRKRMMDSV,N#C[C@H](O)c1ccccc1,0.0,False,0
218,MAIIRAAAVQISPVLYSREGTVEKVCQQIIALGRQGVQFAVFPETVVPYYPYFSFVQPPFAMGAQHLKLLDQSVTVPSAATLAIGEACKQVGIVVSIGVNERDGGTIYNAQLLFDADGSLIQHRRKITPTYHERMVWGQGDGSGLRAIDSAVGRIGSLACWEHYNPLARYALMADGEQIHAAMFPGSLVGDIFAEQIEVTIRHHALESGCFVVNATAWLDADQQGQIMQDTGCGLGPISGGCFTAIVSPEGKLLGEPLRSGEGVVIADLDLALIDKRKRMMDSV,N#Cc1ccccc1,0.0,False,0
219,MAIIRAAAVQISPVLYSREGTVEKVCQQIIALGRQGVQFAVFPETVVPYYPYFSFVQPPFAMGAQHLKLLDQSVTVPSAATLAIGEACKQVGIVVSIGVNERDGGTIYNAQLLFDADGSLIQHRRKITPTYHERMVWGQGDGSGLRAIDSAVGRIGSLACWEHYNPLARYALMADGEQIHAAMFPGSLVGDIFAEQIEVTIRHHALESGCFVVNATAWLDADQQGQIMQDTGCGLGPISGGCFTAIVSPEGKLLGEPLRSGEGVVIADLDLALIDKRKRMMDSV,C=CC#N,0.0,False,0
220,MKIVKAAAVQISPVLYNREATVEKVVQKILELGQQGVQFATFPETVVPYYPYFSAVQTPMQLLAGTEYLKLLEQAVTVPSPATDAIGEAARKAGMVVSIGVNERDGGTLYNTQLLFDADGTLIQRRRKITPTHFERMIWGQGDGSGLCAVDSKIGRIGQLACFEHNNPLARYALIADGEQIHSAMYPGSAFGEGFAQRMEINIRQHALESGCFVVNATAWLDADQQAQIMKDTGCEIGPISGGCFTAIVAPDGMLLGEPLRSGEGEVIADLDFTLIDRRKMLMDSA,N#Cc1ccc(N)cc1,8.183,True,1
221,MKIVKAAAVQISPVLYNREATVEKVVQKILELGQQGVQFATFPETVVPYYPYFSAVQTPMQLLAGTEYLKLLEQAVTVPSPATDAIGEAARKAGMVVSIGVNERDGGTLYNTQLLFDADGTLIQRRRKITPTHFERMIWGQGDGSGLCAVDSKIGRIGQLACFEHNNPLARYALIADGEQIHSAMYPGSAFGEGFAQRMEINIRQHALESGCFVVNATAWLDADQQAQIMKDTGCEIGPISGGCFTAIVAPDGMLLGEPLRSGEGEVIADLDFTLIDRRKMLMDSA,N#CCc1ccc([N+](=O)[O-])cc1,0.0,False,0
222,MKIVKAAAVQISPVLYNREATVEKVVQKILELGQQGVQFATFPETVVPYYPYFSAVQTPMQLLAGTEYLKLLEQAVTVPSPATDAIGEAARKAGMVVSIGVNERDGGTLYNTQLLFDADGTLIQRRRKITPTHFERMIWGQGDGSGLCAVDSKIGRIGQLACFEHNNPLARYALIADGEQIHSAMYPGSAFGEGFAQRMEINIRQHALESGCFVVNATAWLDADQQAQIMKDTGCEIGPISGGCFTAIVAPDGMLLGEPLRSGEGEVIADLDFTLIDRRKMLMDSA,CN(C)c1ccc(C#N)cc1,8.235,True,1
223,MKIVKAAAVQISPVLYNREATVEKVVQKILELGQQGVQFATFPETVVPYYPYFSAVQTPMQLLAGTEYLKLLEQAVTVPSPATDAIGEAARKAGMVVSIGVNERDGGTLYNTQLLFDADGTLIQRRRKITPTHFERMIWGQGDGSGLCAVDSKIGRIGQLACFEHNNPLARYALIADGEQIHSAMYPGSAFGEGFAQRMEINIRQHALESGCFVVNATAWLDADQQAQIMKDTGCEIGPISGGCFTAIVAPDGMLLGEPLRSGEGEVIADLDFTLIDRRKMLMDSA,N#Cc1ccc(Cl)cc1,5.641,True,1
224,MKIVKAAAVQISPVLYNREATVEKVVQKILELGQQGVQFATFPETVVPYYPYFSAVQTPMQLLAGTEYLKLLEQAVTVPSPATDAIGEAARKAGMVVSIGVNERDGGTLYNTQLLFDADGTLIQRRRKITPTHFERMIWGQGDGSGLCAVDSKIGRIGQLACFEHNNPLARYALIADGEQIHSAMYPGSAFGEGFAQRMEINIRQHALESGCFVVNATAWLDADQQAQIMKDTGCEIGPISGGCFTAIVAPDGMLLGEPLRSGEGEVIADLDFTLIDRRKMLMDSA,N#Cc1c(Cl)cccc1Cl,0.0,False,0
225,MKIVKAAAVQISPVLYNREATVEKVVQKILELGQQGVQFATFPETVVPYYPYFSAVQTPMQLLAGTEYLKLLEQAVTVPSPATDAIGEAARKAGMVVSIGVNERDGGTLYNTQLLFDADGTLIQRRRKITPTHFERMIWGQGDGSGLCAVDSKIGRIGQLACFEHNNPLARYALIADGEQIHSAMYPGSAFGEGFAQRMEINIRQHALESGCFVVNATAWLDADQQAQIMKDTGCEIGPISGGCFTAIVAPDGMLLGEPLRSGEGEVIADLDFTLIDRRKMLMDSA,N#Cc1ccccc1N,0.0,False,0
226,MKIVKAAAVQISPVLYNREATVEKVVQKILELGQQGVQFATFPETVVPYYPYFSAVQTPMQLLAGTEYLKLLEQAVTVPSPATDAIGEAARKAGMVVSIGVNERDGGTLYNTQLLFDADGTLIQRRRKITPTHFERMIWGQGDGSGLCAVDSKIGRIGQLACFEHNNPLARYALIADGEQIHSAMYPGSAFGEGFAQRMEINIRQHALESGCFVVNATAWLDADQQAQIMKDTGCEIGPISGGCFTAIVAPDGMLLGEPLRSGEGEVIADLDFTLIDRRKMLMDSA,COc1ccc(C#N)cc1,5.451,True,1
227,MKIVKAAAVQISPVLYNREATVEKVVQKILELGQQGVQFATFPETVVPYYPYFSAVQTPMQLLAGTEYLKLLEQAVTVPSPATDAIGEAARKAGMVVSIGVNERDGGTLYNTQLLFDADGTLIQRRRKITPTHFERMIWGQGDGSGLCAVDSKIGRIGQLACFEHNNPLARYALIADGEQIHSAMYPGSAFGEGFAQRMEINIRQHALESGCFVVNATAWLDADQQAQIMKDTGCEIGPISGGCFTAIVAPDGMLLGEPLRSGEGEVIADLDFTLIDRRKMLMDSA,N#C/C=C/c1ccccc1,6.44,True,1
228,MKIVKAAAVQISPVLYNREATVEKVVQKILELGQQGVQFATFPETVVPYYPYFSAVQTPMQLLAGTEYLKLLEQAVTVPSPATDAIGEAARKAGMVVSIGVNERDGGTLYNTQLLFDADGTLIQRRRKITPTHFERMIWGQGDGSGLCAVDSKIGRIGQLACFEHNNPLARYALIADGEQIHSAMYPGSAFGEGFAQRMEINIRQHALESGCFVVNATAWLDADQQAQIMKDTGCEIGPISGGCFTAIVAPDGMLLGEPLRSGEGEVIADLDFTLIDRRKMLMDSA,N#CCCc1ccccc1,7.807,True,1
229,MKIVKAAAVQISPVLYNREATVEKVVQKILELGQQGVQFATFPETVVPYYPYFSAVQTPMQLLAGTEYLKLLEQAVTVPSPATDAIGEAARKAGMVVSIGVNERDGGTLYNTQLLFDADGTLIQRRRKITPTHFERMIWGQGDGSGLCAVDSKIGRIGQLACFEHNNPLARYALIADGEQIHSAMYPGSAFGEGFAQRMEINIRQHALESGCFVVNATAWLDADQQAQIMKDTGCEIGPISGGCFTAIVAPDGMLLGEPLRSGEGEVIADLDFTLIDRRKMLMDSA,N#CC1CCCCC1,0.313,False,0
230,MKIVKAAAVQISPVLYNREATVEKVVQKILELGQQGVQFATFPETVVPYYPYFSAVQTPMQLLAGTEYLKLLEQAVTVPSPATDAIGEAARKAGMVVSIGVNERDGGTLYNTQLLFDADGTLIQRRRKITPTHFERMIWGQGDGSGLCAVDSKIGRIGQLACFEHNNPLARYALIADGEQIHSAMYPGSAFGEGFAQRMEINIRQHALESGCFVVNATAWLDADQQAQIMKDTGCEIGPISGGCFTAIVAPDGMLLGEPLRSGEGEVIADLDFTLIDRRKMLMDSA,C[C@@H](C#N)CCC#N,12.631,True,1
231,MKIVKAAAVQISPVLYNREATVEKVVQKILELGQQGVQFATFPETVVPYYPYFSAVQTPMQLLAGTEYLKLLEQAVTVPSPATDAIGEAARKAGMVVSIGVNERDGGTLYNTQLLFDADGTLIQRRRKITPTHFERMIWGQGDGSGLCAVDSKIGRIGQLACFEHNNPLARYALIADGEQIHSAMYPGSAFGEGFAQRMEINIRQHALESGCFVVNATAWLDADQQAQIMKDTGCEIGPISGGCFTAIVAPDGMLLGEPLRSGEGEVIADLDFTLIDRRKMLMDSA,C[C@@H](C#N)c1ccccc1,0.0,False,0
232,MKIVKAAAVQISPVLYNREATVEKVVQKILELGQQGVQFATFPETVVPYYPYFSAVQTPMQLLAGTEYLKLLEQAVTVPSPATDAIGEAARKAGMVVSIGVNERDGGTLYNTQLLFDADGTLIQRRRKITPTHFERMIWGQGDGSGLCAVDSKIGRIGQLACFEHNNPLARYALIADGEQIHSAMYPGSAFGEGFAQRMEINIRQHALESGCFVVNATAWLDADQQAQIMKDTGCEIGPISGGCFTAIVAPDGMLLGEPLRSGEGEVIADLDFTLIDRRKMLMDSA,CCCCC#N,1.99,False,0
233,MKIVKAAAVQISPVLYNREATVEKVVQKILELGQQGVQFATFPETVVPYYPYFSAVQTPMQLLAGTEYLKLLEQAVTVPSPATDAIGEAARKAGMVVSIGVNERDGGTLYNTQLLFDADGTLIQRRRKITPTHFERMIWGQGDGSGLCAVDSKIGRIGQLACFEHNNPLARYALIADGEQIHSAMYPGSAFGEGFAQRMEINIRQHALESGCFVVNATAWLDADQQAQIMKDTGCEIGPISGGCFTAIVAPDGMLLGEPLRSGEGEVIADLDFTLIDRRKMLMDSA,N#Cc1cccc(C#N)c1,10.403,True,1
234,MKIVKAAAVQISPVLYNREATVEKVVQKILELGQQGVQFATFPETVVPYYPYFSAVQTPMQLLAGTEYLKLLEQAVTVPSPATDAIGEAARKAGMVVSIGVNERDGGTLYNTQLLFDADGTLIQRRRKITPTHFERMIWGQGDGSGLCAVDSKIGRIGQLACFEHNNPLARYALIADGEQIHSAMYPGSAFGEGFAQRMEINIRQHALESGCFVVNATAWLDADQQAQIMKDTGCEIGPISGGCFTAIVAPDGMLLGEPLRSGEGEVIADLDFTLIDRRKMLMDSA,N#Cc1ccc(O)cc1,4.831,True,1
235,MKIVKAAAVQISPVLYNREATVEKVVQKILELGQQGVQFATFPETVVPYYPYFSAVQTPMQLLAGTEYLKLLEQAVTVPSPATDAIGEAARKAGMVVSIGVNERDGGTLYNTQLLFDADGTLIQRRRKITPTHFERMIWGQGDGSGLCAVDSKIGRIGQLACFEHNNPLARYALIADGEQIHSAMYPGSAFGEGFAQRMEINIRQHALESGCFVVNATAWLDADQQAQIMKDTGCEIGPISGGCFTAIVAPDGMLLGEPLRSGEGEVIADLDFTLIDRRKMLMDSA,CCC#N,1.054,False,0
236,MKIVKAAAVQISPVLYNREATVEKVVQKILELGQQGVQFATFPETVVPYYPYFSAVQTPMQLLAGTEYLKLLEQAVTVPSPATDAIGEAARKAGMVVSIGVNERDGGTLYNTQLLFDADGTLIQRRRKITPTHFERMIWGQGDGSGLCAVDSKIGRIGQLACFEHNNPLARYALIADGEQIHSAMYPGSAFGEGFAQRMEINIRQHALESGCFVVNATAWLDADQQAQIMKDTGCEIGPISGGCFTAIVAPDGMLLGEPLRSGEGEVIADLDFTLIDRRKMLMDSA,N#CCC(=O)c1ccccc1,2.902,True,1
237,MKIVKAAAVQISPVLYNREATVEKVVQKILELGQQGVQFATFPETVVPYYPYFSAVQTPMQLLAGTEYLKLLEQAVTVPSPATDAIGEAARKAGMVVSIGVNERDGGTLYNTQLLFDADGTLIQRRRKITPTHFERMIWGQGDGSGLCAVDSKIGRIGQLACFEHNNPLARYALIADGEQIHSAMYPGSAFGEGFAQRMEINIRQHALESGCFVVNATAWLDADQQAQIMKDTGCEIGPISGGCFTAIVAPDGMLLGEPLRSGEGEVIADLDFTLIDRRKMLMDSA,N#C[C@H](O)c1ccccc1,0.0,False,0
238,MKIVKAAAVQISPVLYNREATVEKVVQKILELGQQGVQFATFPETVVPYYPYFSAVQTPMQLLAGTEYLKLLEQAVTVPSPATDAIGEAARKAGMVVSIGVNERDGGTLYNTQLLFDADGTLIQRRRKITPTHFERMIWGQGDGSGLCAVDSKIGRIGQLACFEHNNPLARYALIADGEQIHSAMYPGSAFGEGFAQRMEINIRQHALESGCFVVNATAWLDADQQAQIMKDTGCEIGPISGGCFTAIVAPDGMLLGEPLRSGEGEVIADLDFTLIDRRKMLMDSA,N#Cc1ccccc1,4.58,True,1
239,MKIVKAAAVQISPVLYNREATVEKVVQKILELGQQGVQFATFPETVVPYYPYFSAVQTPMQLLAGTEYLKLLEQAVTVPSPATDAIGEAARKAGMVVSIGVNERDGGTLYNTQLLFDADGTLIQRRRKITPTHFERMIWGQGDGSGLCAVDSKIGRIGQLACFEHNNPLARYALIADGEQIHSAMYPGSAFGEGFAQRMEINIRQHALESGCFVVNATAWLDADQQAQIMKDTGCEIGPISGGCFTAIVAPDGMLLGEPLRSGEGEVIADLDFTLIDRRKMLMDSA,C=CC#N,0.845,False,0
